time_remaining,q_couriers,q_orders,Theta1,Theta2,Theta3,Theta4,action_1hr,action_1.5hr,reward,next_time_remaining,next_q_couriers,next_q_orders,next_Theta1,next_Theta2,next_Theta3,next_Theta4
540,1,0,-24,0,0,0.0,0,1,-0.25,535,1,0,8,0,0,0.0
535,1,0,8,0,0,0.0,0,1,-0.25,530,2,0,8,2,0,0.0
530,2,0,8,2,0,0.0,0,1,-0.25,525,3,0,7,4,1,-1.5531779177931355
525,3,0,7,4,1,-1.5531779177931355,0,1,-0.25,520,4,2,6,5,3,-3.6796044008758244
520,4,2,6,5,3,-3.6796044008758244,2,1,-0.65,515,7,4,3,5,4,-7.646796239438254
515,7,4,3,5,4,-7.646796239438254,2,0,-0.4,510,9,5,1,10,5,-10.557027952821612
510,9,5,1,10,5,-10.557027952821612,1,2,-0.7,505,12,5,-2,11,8,-10.216998658498204
505,12,5,-2,11,8,-10.216998658498204,0,0,0.0,500,12,10,-2,10,11,-11.817517686892186
500,12,10,-2,10,11,-11.817517686892186,1,2,-0.7,495,15,11,-5,9,11,-16.817517686892188
495,15,11,-5,9,11,-16.817517686892188,0,1,-0.25,490,16,10,-6,9,11,-15.957520079705121
490,16,10,-6,9,11,-15.957520079705121,0,1,-0.25,485,17,9,-7,11,9,-17.831753308779632
485,17,9,-7,11,9,-17.831753308779632,2,1,-0.65,480,20,9,-10,7,10,-17.579500857708876
480,20,9,-10,7,10,-17.579500857708876,2,1,-0.65,475,23,11,-14,9,11,-20.826828553684866
475,23,11,-14,9,11,-20.826828553684866,1,0,-0.2,470,24,7,-16,9,9,-12.661682101800443
470,24,7,-16,9,9,-12.661682101800443,0,0,0.0,465,24,9,-17,11,9,-14.130492721065117
465,24,9,-17,11,9,-14.130492721065117,1,1,-0.45,460,26,9,-20,10,10,-14.196454553200407
460,26,9,-20,10,10,-14.196454553200407,1,1,-0.45,455,26,11,-20,10,11,-14.892336865239118
455,26,11,-20,10,11,-14.892336865239118,1,2,-0.7,450,27,10,-21,12,12,-15.698682367259254
450,27,10,-21,12,12,-15.698682367259254,2,0,-0.4,445,27,10,-21,12,11,-16.4994259812372
445,27,10,-21,12,11,-16.4994259812372,2,2,-0.9,440,30,12,-24,12,14,-15.127036422779664
440,30,12,-24,12,14,-15.127036422779664,0,1,-0.25,435,29,12,-24,9,12,-14.985208187911079
435,29,12,-24,9,12,-14.985208187911079,1,1,-0.45,430,30,12,-26,9,12,-17.365579662841537
430,30,12,-26,9,12,-17.365579662841537,2,1,-0.65,425,32,9,-28,8,9,-18.303710564070524
425,32,9,-28,8,9,-18.303710564070524,0,0,0.0,420,30,9,-27,9,9,-23.303710564070524
420,30,9,-27,9,9,-23.303710564070524,0,0,0.0,415,26,8,-23,7,9,-20.9555985155166
415,26,8,-23,7,9,-20.9555985155166,0,1,-0.25,410,26,9,-24,6,9,-15.414007687489491
410,26,9,-24,6,9,-15.414007687489491,1,2,-0.7,405,27,7,-26,6,7,-11.451495952078643
405,27,7,-26,6,7,-11.451495952078643,2,1,-0.65,400,28,6,-25,6,6,-13.754672272308147
400,28,6,-25,6,6,-13.754672272308147,1,1,-0.45,395,28,6,-22,7,6,-18.754672272308145
395,28,6,-22,7,6,-18.754672272308145,0,2,-0.5,390,28,6,-21,4,7,-20.602790274772918
390,28,6,-21,4,7,-20.602790274772918,0,1,-0.25,385,26,7,-19,3,7,-21.349611495906412
385,26,7,-19,3,7,-21.349611495906412,2,2,-0.9,380,28,4,-20,5,4,-13.21035461113842
380,28,4,-20,5,4,-13.21035461113842,1,2,-0.7,375,31,3,-21,7,4,-10.261090781239005
375,31,3,-21,7,4,-10.261090781239005,2,2,-0.9,370,33,5,-23,11,6,-10.997408987677366
370,33,5,-23,11,6,-10.997408987677366,0,0,0.0,365,30,7,-20,11,7,-14.168199361109966
365,30,7,-20,11,7,-14.168199361109966,2,1,-0.65,360,31,11,-21,15,12,-12.551954282240173
360,31,11,-21,15,12,-12.551954282240173,1,1,-0.45,355,33,11,-23,17,11,-12.9461901050589
355,33,11,-23,17,11,-12.9461901050589,2,2,-0.9,350,35,15,-25,17,16,-11.59396390586085
350,35,15,-25,17,16,-11.59396390586085,1,1,-0.45,345,35,17,-23,16,18,-15.009977023455466
345,35,17,-23,16,18,-15.009977023455466,0,0,0.0,340,32,17,-18,16,17,-17.255541075657483
340,32,17,-18,16,17,-17.255541075657483,1,0,-0.2,335,31,16,-15,17,18,-17.435498368910665
335,31,16,-15,17,18,-17.435498368910665,2,2,-0.9,330,35,16,-19,13,18,-15.495549717364336
330,35,16,-19,13,18,-15.495549717364336,0,1,-0.25,325,36,17,-19,12,17,-17.85446423972728
325,36,17,-19,12,17,-17.85446423972728,1,0,-0.2,320,34,13,-17,15,13,-16.939038728584645
320,34,13,-17,15,13,-16.939038728584645,0,2,-0.5,315,33,12,-16,16,13,-16.785890301948914
315,33,12,-16,16,13,-16.785890301948914,0,2,-0.5,310,32,15,-14,17,15,-15.023218220080356
310,32,15,-14,17,15,-15.023218220080356,2,2,-0.9,305,35,16,-16,19,18,-15.467726366296372
305,35,16,-16,19,18,-15.467726366296372,1,2,-0.7,300,34,17,-14,34,18,-13.450139871708428
300,34,17,-14,34,18,-13.450139871708428,0,1,-0.25,295,33,19,-14,39,23,-10.60251216111285
295,33,19,-14,39,23,-10.60251216111285,1,0,-0.2,290,30,34,-11,39,37,-10.10595655393252
290,30,34,-11,39,37,-10.10595655393252,0,0,0.0,285,27,39,-8,43,41,-13.121259517570534
285,27,39,-8,43,41,-13.121259517570534,1,2,-0.7,280,28,39,-11,39,41,-14.388364724058997
280,28,39,-11,39,41,-14.388364724058997,1,2,-0.7,275,30,43,-16,40,44,-16.905116144479745
275,30,43,-16,40,44,-16.905116144479745,1,2,-0.7,270,30,39,-17,25,41,-19.316399313874093
270,30,39,-17,25,41,-19.316399313874093,2,0,-0.4,265,31,40,-18,24,40,-21.001314135007107
265,31,40,-18,24,40,-21.001314135007107,0,2,-0.5,260,30,25,-18,23,26,-19.040314480978033
260,30,25,-18,23,26,-19.040314480978033,0,1,-0.25,255,30,24,-20,20,24,-17.966763106938274
255,30,24,-20,20,24,-17.966763106938274,2,0,-0.4,250,32,23,-22,22,24,-16.27145860871082
250,32,23,-22,22,24,-16.27145860871082,0,0,0.0,245,30,20,-20,16,21,-14.723580533248102
245,30,20,-20,16,21,-14.723580533248102,1,2,-0.7,240,30,22,-20,17,22,-17.613469759952874
240,30,22,-20,17,22,-17.613469759952874,2,2,-0.9,235,33,16,-23,14,16,-18.37819820594852
235,33,16,-23,14,16,-18.37819820594852,1,2,-0.7,230,35,17,-25,14,17,-20.396370277213755
230,35,17,-25,14,17,-20.396370277213755,1,2,-0.7,225,36,14,-28,13,17,-15.987728577717084
225,36,14,-28,13,17,-15.987728577717084,0,2,-0.5,220,35,14,-29,12,15,-15.172045330269551
220,35,14,-29,12,15,-15.172045330269551,2,2,-0.9,215,36,13,-32,14,14,-14.668572901337525
215,36,13,-32,14,14,-14.668572901337525,1,0,-0.2,210,34,12,-30,15,12,-14.351050573669701
210,34,12,-30,15,12,-14.351050573669701,1,2,-0.7,205,34,14,-31,14,15,-15.953223440600505
205,34,14,-31,14,15,-15.953223440600505,1,2,-0.7,200,37,15,-34,13,15,-16.97785389450254
200,37,15,-34,13,15,-16.97785389450254,1,1,-0.45,195,39,14,-36,12,16,-16.769759117912766
195,39,14,-36,12,16,-16.769759117912766,2,0,-0.4,190,37,13,-35,12,13,-16.02833228882275
190,37,13,-35,12,13,-16.02833228882275,2,1,-0.65,185,38,12,-37,10,12,-17.331039772136123
185,38,12,-37,10,12,-17.331039772136123,0,2,-0.5,180,37,12,-37,12,12,-17.180022768825737
180,37,12,-37,12,12,-17.180022768825737,0,1,-0.25,175,36,10,-36,11,11,-18.293852515436605
175,36,10,-36,11,11,-18.293852515436605,1,1,-0.45,170,35,12,-35,9,12,-14.096268883615068
170,35,12,-35,9,12,-14.096268883615068,1,2,-0.7,165,36,11,-36,11,11,-17.900596570992924
165,36,11,-36,11,11,-17.900596570992924,1,2,-0.7,160,39,9,-39,14,9,-16.833879643019625
160,39,9,-39,14,9,-16.833879643019625,0,2,-0.5,155,39,11,-39,16,13,-13.266369053336803
155,39,11,-39,16,13,-13.266369053336803,0,0,0.0,150,36,14,-36,17,15,-12.248483573064751
150,36,14,-36,17,15,-12.248483573064751,2,1,-0.65,145,36,16,-36,23,18,-14.625658697054595
145,36,16,-36,23,18,-14.625658697054595,1,0,-0.2,140,34,17,-34,31,19,-10.429770284989589
140,34,17,-34,31,19,-10.429770284989589,2,2,-0.9,135,35,23,-35,36,29,-10.668564691883851
135,35,23,-35,36,29,-10.668564691883851,2,1,-0.65,130,34,31,-34,37,33,-13.089720887264663
130,34,31,-34,37,33,-13.089720887264663,1,2,-0.7,125,33,36,-33,43,36,-14.44386185530008
125,33,36,-33,43,36,-14.44386185530008,2,0,-0.4,120,35,37,-35,39,41,-13.517565636276158
120,35,37,-35,39,41,-13.517565636276158,1,0,-0.2,115,34,43,-34,41,44,-16.00797078834256
115,34,43,-34,41,44,-16.00797078834256,0,2,-0.5,110,33,39,-33,34,45,-16.198830230937613
110,33,39,-33,34,45,-16.198830230937613,1,1,-0.45,105,33,41,-33,29,41,-18.430900045781502
105,33,41,-33,29,41,-18.430900045781502,0,2,-0.5,100,34,34,-34,24,35,-18.644468579299712
100,34,34,-34,24,35,-18.644468579299712,0,1,-0.25,95,34,29,-34,20,29,-19.33758311141623
95,34,29,-34,20,29,-19.33758311141623,0,1,-0.25,90,33,24,-33,23,25,-20.311871644380147
90,33,24,-33,23,25,-20.311871644380147,2,2,-0.9,90,33,24,-33,23,25,-20.311871644380147
540,1,0,6,0,0,0.0,2,0,-0.4,535,3,0,32,0,0,0.0
535,3,0,32,0,0,0.0,2,0,-0.4,530,6,0,30,2,0,0.0
530,6,0,30,2,0,0.0,1,2,-0.7,525,10,0,27,4,1,-1.5531779177931355
525,10,0,27,4,1,-1.5531779177931355,2,0,-0.4,520,13,2,25,5,3,-3.6796044008758244
520,13,2,25,5,3,-3.6796044008758244,1,2,-0.7,515,19,4,19,5,4,-7.646796239438254
515,19,4,19,5,4,-7.646796239438254,1,1,-0.45,510,23,5,15,10,5,-10.557027952821612
510,23,5,15,10,5,-10.557027952821612,1,1,-0.45,505,28,5,8,11,8,-10.216998658498204
505,28,5,8,11,8,-10.216998658498204,2,1,-0.65,500,31,10,7,10,11,-11.817517686892186
500,31,10,7,10,11,-11.817517686892186,0,2,-0.5,495,36,11,5,9,11,-16.817517686892188
495,36,11,5,9,11,-16.817517686892188,0,0,0.0,490,37,10,6,9,11,-15.957520079705121
490,37,10,6,9,11,-15.957520079705121,0,2,-0.5,485,40,9,0,11,9,-17.831753308779632
485,40,9,0,11,9,-17.831753308779632,0,1,-0.25,480,44,9,-3,7,10,-17.579500857708876
480,44,9,-3,7,10,-17.579500857708876,0,1,-0.25,475,46,11,-4,9,11,-20.826828553684866
475,46,11,-4,9,11,-20.826828553684866,0,0,0.0,470,45,7,-2,9,9,-12.661682101800443
470,45,7,-2,9,9,-12.661682101800443,1,0,-0.2,465,45,9,-3,11,9,-14.130492721065117
465,45,9,-3,11,9,-14.130492721065117,1,0,-0.2,460,46,9,-8,10,10,-14.196454553200407
460,46,9,-8,10,10,-14.196454553200407,2,2,-0.9,455,49,11,-12,10,11,-14.892336865239118
455,49,11,-12,10,11,-14.892336865239118,0,2,-0.5,450,51,10,-10,12,12,-15.698682367259254
450,51,10,-10,12,12,-15.698682367259254,2,2,-0.9,445,54,10,-12,12,11,-16.4994259812372
445,54,10,-12,12,11,-16.4994259812372,1,2,-0.7,440,58,12,-18,12,14,-15.127036422779664
440,58,12,-18,12,14,-15.127036422779664,1,1,-0.45,435,57,12,-19,9,12,-14.985208187911079
435,57,12,-19,9,12,-14.985208187911079,2,2,-0.9,430,62,12,-26,9,12,-17.365579662841537
430,62,12,-26,9,12,-17.365579662841537,0,1,-0.25,425,63,9,-24,8,9,-18.303710564070524
425,63,9,-24,8,9,-18.303710564070524,2,2,-0.9,420,64,9,-27,9,9,-23.303710564070524
420,64,9,-27,9,9,-23.303710564070524,0,1,-0.25,415,60,8,-24,7,9,-20.9555985155166
415,60,8,-24,7,9,-20.9555985155166,0,0,0.0,410,59,9,-27,6,9,-15.414007687489491
410,59,9,-27,6,9,-15.414007687489491,0,1,-0.25,405,58,7,-30,6,7,-11.451495952078643
405,58,7,-30,6,7,-11.451495952078643,1,0,-0.2,400,59,6,-28,6,6,-13.754672272308147
400,59,6,-28,6,6,-13.754672272308147,1,0,-0.2,395,56,6,-20,7,6,-18.754672272308145
395,56,6,-20,7,6,-18.754672272308145,0,0,0.0,390,55,6,-18,4,7,-20.602790274772918
390,55,6,-18,4,7,-20.602790274772918,0,2,-0.5,385,52,7,-14,3,7,-21.349611495906412
385,52,7,-14,3,7,-21.349611495906412,2,0,-0.4,380,55,4,-17,5,4,-13.21035461113842
380,55,4,-17,5,4,-13.21035461113842,2,1,-0.65,375,60,3,-20,7,4,-10.261090781239005
375,60,3,-20,7,4,-10.261090781239005,2,2,-0.9,370,64,5,-22,11,6,-10.997408987677366
370,64,5,-22,11,6,-10.997408987677366,0,1,-0.25,365,60,7,-20,11,7,-14.168199361109966
365,60,7,-20,11,7,-14.168199361109966,0,0,0.0,360,57,11,-17,15,12,-12.551954282240173
360,57,11,-17,15,12,-12.551954282240173,0,1,-0.25,355,58,11,-15,17,11,-12.9461901050589
355,58,11,-15,17,11,-12.9461901050589,2,1,-0.65,350,61,15,-16,17,16,-11.59396390586085
350,61,15,-16,17,16,-11.59396390586085,1,2,-0.7,345,63,17,-15,16,18,-15.009977023455466
345,63,17,-15,16,18,-15.009977023455466,2,1,-0.65,340,60,17,-11,16,17,-17.255541075657483
340,60,17,-11,16,17,-17.255541075657483,0,1,-0.25,335,58,16,-6,17,18,-17.435498368910665
335,58,16,-6,17,18,-17.435498368910665,0,0,0.0,330,60,16,-10,13,18,-15.495549717364336
330,60,16,-10,13,18,-15.495549717364336,2,1,-0.65,325,63,17,-12,12,17,-17.85446423972728
325,63,17,-12,12,17,-17.85446423972728,0,1,-0.25,320,60,13,-6,15,13,-16.939038728584645
320,60,13,-6,15,13,-16.939038728584645,1,0,-0.2,315,57,12,-1,16,13,-16.785890301948914
315,57,12,-1,16,13,-16.785890301948914,1,0,-0.2,310,55,15,0,17,15,-15.023218220080356
310,55,15,0,17,15,-15.023218220080356,1,1,-0.45,305,60,16,-3,19,18,-15.467726366296372
305,60,16,-3,19,18,-15.467726366296372,0,0,0.0,300,59,17,-2,34,18,-13.450139871708428
300,59,17,-2,34,18,-13.450139871708428,0,0,0.0,295,56,19,-1,39,23,-10.60251216111285
295,56,19,-1,39,23,-10.60251216111285,0,1,-0.25,290,52,34,2,39,37,-10.10595655393252
290,52,34,2,39,37,-10.10595655393252,2,1,-0.65,285,50,39,5,43,41,-13.121259517570534
285,50,39,5,43,41,-13.121259517570534,0,1,-0.25,280,48,39,8,39,41,-14.388364724058997
280,48,39,8,39,41,-14.388364724058997,1,2,-0.7,275,52,43,1,40,44,-16.905116144479745
275,52,43,1,40,44,-16.905116144479745,0,1,-0.25,270,53,39,-4,25,41,-19.316399313874093
270,53,39,-4,25,41,-19.316399313874093,0,2,-0.5,265,53,40,-4,24,40,-21.001314135007107
265,53,40,-4,24,40,-21.001314135007107,2,0,-0.4,260,53,25,-7,23,26,-19.040314480978033
260,53,25,-7,23,26,-19.040314480978033,2,1,-0.65,255,53,24,-8,20,24,-17.966763106938274
255,53,24,-8,20,24,-17.966763106938274,0,1,-0.25,250,54,23,-10,22,24,-16.27145860871082
250,54,23,-10,22,24,-16.27145860871082,0,2,-0.5,245,52,20,-9,16,21,-14.723580533248102
245,52,20,-9,16,21,-14.723580533248102,2,2,-0.9,240,56,22,-11,17,22,-17.613469759952874
240,56,22,-11,17,22,-17.613469759952874,0,1,-0.25,235,59,16,-15,14,16,-18.37819820594852
235,59,16,-15,14,16,-18.37819820594852,0,1,-0.25,230,61,17,-18,14,17,-20.396370277213755
230,61,17,-18,14,17,-20.396370277213755,2,0,-0.4,225,62,14,-21,13,17,-15.987728577717084
225,62,14,-21,13,17,-15.987728577717084,2,2,-0.9,220,65,14,-25,12,15,-15.172045330269551
220,65,14,-25,12,15,-15.172045330269551,0,1,-0.25,215,65,13,-27,14,14,-14.668572901337525
215,65,13,-27,14,14,-14.668572901337525,1,2,-0.7,210,66,12,-29,15,12,-14.351050573669701
210,66,12,-29,15,12,-14.351050573669701,1,2,-0.7,205,69,14,-32,14,15,-15.953223440600505
205,69,14,-32,14,15,-15.953223440600505,1,0,-0.2,200,70,15,-35,13,15,-16.97785389450254
200,70,15,-35,13,15,-16.97785389450254,0,1,-0.25,195,70,14,-39,12,16,-16.769759117912766
195,70,14,-39,12,16,-16.769759117912766,1,2,-0.7,190,70,13,-44,12,13,-16.02833228882275
190,70,13,-44,12,13,-16.02833228882275,2,2,-0.9,185,73,12,-51,10,12,-17.331039772136123
185,73,12,-51,10,12,-17.331039772136123,0,0,0.0,180,69,12,-50,12,12,-17.180022768825737
180,69,12,-50,12,12,-17.180022768825737,2,0,-0.4,175,68,10,-51,11,11,-18.293852515436605
175,68,10,-51,11,11,-18.293852515436605,0,0,0.0,170,67,12,-50,9,12,-14.096268883615068
170,67,12,-50,9,12,-14.096268883615068,1,0,-0.2,165,66,11,-52,11,11,-17.900596570992924
165,66,11,-52,11,11,-17.900596570992924,1,2,-0.7,160,69,9,-56,14,9,-16.833879643019625
160,69,9,-56,14,9,-16.833879643019625,1,0,-0.2,155,68,11,-57,16,13,-13.266369053336803
155,68,11,-57,16,13,-13.266369053336803,0,0,0.0,150,62,14,-51,17,15,-12.248483573064751
150,62,14,-51,17,15,-12.248483573064751,1,2,-0.7,145,63,16,-54,23,18,-14.625658697054595
145,63,16,-54,23,18,-14.625658697054595,0,2,-0.5,140,61,17,-54,31,19,-10.429770284989589
140,61,17,-54,31,19,-10.429770284989589,0,1,-0.25,135,63,23,-57,36,29,-10.668564691883851
135,63,23,-57,36,29,-10.668564691883851,0,1,-0.25,130,60,31,-56,37,33,-13.089720887264663
130,60,31,-56,37,33,-13.089720887264663,1,2,-0.7,125,59,36,-56,43,36,-14.44386185530008
125,59,36,-56,43,36,-14.44386185530008,0,1,-0.25,120,60,37,-58,39,41,-13.517565636276158
120,60,37,-58,39,41,-13.517565636276158,1,2,-0.7,115,58,43,-58,41,44,-16.00797078834256
115,58,43,-58,41,44,-16.00797078834256,1,1,-0.45,110,59,39,-59,34,45,-16.198830230937613
110,59,39,-59,34,45,-16.198830230937613,1,2,-0.7,105,60,41,-60,29,41,-18.430900045781502
105,60,41,-60,29,41,-18.430900045781502,1,2,-0.7,100,61,34,-61,24,35,-18.644468579299712
100,61,34,-61,24,35,-18.644468579299712,2,1,-0.65,95,61,29,-61,20,29,-19.33758311141623
95,61,29,-61,20,29,-19.33758311141623,1,0,-0.2,90,61,24,-61,23,25,-20.311871644380147
90,61,24,-61,23,25,-20.311871644380147,2,0,-0.4,90,61,24,-61,23,25,-20.311871644380147
540,1,0,40,0,0,0.0,1,2,-0.7,535,6,0,63,0,0,0.0
535,6,0,63,0,0,0.0,1,0,-0.2,530,10,0,59,2,0,0.0
530,10,0,59,2,0,0.0,2,2,-0.9,525,18,0,50,4,1,-1.5531779177931355
525,18,0,50,4,1,-1.5531779177931355,0,1,-0.25,520,22,2,47,5,3,-3.6796044008758244
520,22,2,47,5,3,-3.6796044008758244,2,1,-0.65,515,31,4,35,5,4,-7.646796239438254
515,31,4,35,5,4,-7.646796239438254,2,1,-0.65,510,38,5,27,10,5,-10.557027952821612
510,38,5,27,10,5,-10.557027952821612,1,2,-0.7,505,46,5,16,11,8,-10.216998658498204
505,46,5,16,11,8,-10.216998658498204,1,0,-0.2,500,50,10,15,10,11,-11.817517686892186
500,50,10,15,10,11,-11.817517686892186,1,2,-0.7,495,58,11,12,9,11,-16.817517686892188
495,58,11,12,9,11,-16.817517686892188,0,0,0.0,490,59,10,15,9,11,-15.957520079705121
490,59,10,15,9,11,-15.957520079705121,0,0,0.0,485,62,9,8,11,9,-17.831753308779632
485,62,9,8,11,9,-17.831753308779632,0,1,-0.25,480,67,9,0,7,10,-17.579500857708876
480,67,9,0,7,10,-17.579500857708876,0,0,0.0,475,68,11,-1,9,11,-20.826828553684866
475,68,11,-1,9,11,-20.826828553684866,0,0,0.0,470,66,7,3,9,9,-12.661682101800443
470,66,7,3,9,9,-12.661682101800443,2,2,-0.9,465,68,9,2,11,9,-14.130492721065117
465,68,9,2,11,9,-14.130492721065117,2,0,-0.4,460,71,9,-5,10,10,-14.196454553200407
460,71,9,-5,10,10,-14.196454553200407,0,1,-0.25,455,73,11,-9,10,11,-14.892336865239118
455,73,11,-9,10,11,-14.892336865239118,1,1,-0.45,450,75,10,-9,12,12,-15.698682367259254
450,75,10,-9,12,12,-15.698682367259254,0,0,0.0,445,75,10,-6,12,11,-16.4994259812372
445,75,10,-6,12,11,-16.4994259812372,0,0,0.0,440,78,12,-12,12,14,-15.127036422779664
440,78,12,-12,12,14,-15.127036422779664,0,0,0.0,435,74,12,-12,9,12,-14.985208187911079
435,74,12,-12,9,12,-14.985208187911079,1,1,-0.45,430,80,12,-21,9,12,-17.365579662841537
430,80,12,-21,9,12,-17.365579662841537,1,2,-0.7,425,83,9,-19,8,9,-18.303710564070524
425,83,9,-19,8,9,-18.303710564070524,1,1,-0.45,420,85,9,-23,9,9,-23.303710564070524
420,85,9,-23,9,9,-23.303710564070524,1,2,-0.7,415,82,8,-23,7,9,-20.9555985155166
415,82,8,-23,7,9,-20.9555985155166,2,1,-0.65,410,84,9,-30,6,9,-15.414007687489491
410,84,9,-30,6,9,-15.414007687489491,1,2,-0.7,405,82,7,-31,6,7,-11.451495952078643
405,82,7,-31,6,7,-11.451495952078643,0,2,-0.5,400,83,6,-32,6,6,-13.754672272308147
400,83,6,-32,6,6,-13.754672272308147,2,2,-0.9,395,84,6,-26,7,6,-18.754672272308145
395,84,6,-26,7,6,-18.754672272308145,1,1,-0.45,390,83,6,-23,4,7,-20.602790274772918
390,83,6,-23,4,7,-20.602790274772918,0,1,-0.25,385,81,7,-21,3,7,-21.349611495906412
385,81,7,-21,3,7,-21.349611495906412,2,1,-0.65,380,87,4,-26,5,4,-13.21035461113842
380,87,4,-26,5,4,-13.21035461113842,2,1,-0.65,375,93,3,-30,7,4,-10.261090781239005
375,93,3,-30,7,4,-10.261090781239005,1,2,-0.7,370,99,5,-35,11,6,-10.997408987677366
370,99,5,-35,11,6,-10.997408987677366,2,1,-0.65,365,96,7,-34,11,7,-14.168199361109966
365,96,7,-34,11,7,-14.168199361109966,0,2,-0.5,360,93,11,-27,15,12,-12.551954282240173
360,93,11,-27,15,12,-12.551954282240173,0,2,-0.5,355,95,11,-26,17,11,-12.9461901050589
355,95,11,-26,17,11,-12.9461901050589,0,1,-0.25,350,97,15,-26,17,16,-11.59396390586085
350,97,15,-26,17,16,-11.59396390586085,0,2,-0.5,345,100,17,-26,16,18,-15.009977023455466
345,100,17,-26,16,18,-15.009977023455466,1,0,-0.2,340,97,17,-18,16,17,-17.255541075657483
340,97,17,-18,16,17,-17.255541075657483,0,0,0.0,335,91,16,-10,17,18,-17.435498368910665
335,91,16,-10,17,18,-17.435498368910665,0,0,0.0,330,91,16,-9,13,18,-15.495549717364336
330,91,16,-9,13,18,-15.495549717364336,1,2,-0.7,325,95,17,-9,12,17,-17.85446423972728
325,95,17,-9,12,17,-17.85446423972728,1,1,-0.45,320,91,13,-4,15,13,-16.939038728584645
320,91,13,-4,15,13,-16.939038728584645,1,0,-0.2,315,85,12,2,16,13,-16.785890301948914
315,85,12,2,16,13,-16.785890301948914,0,2,-0.5,310,82,15,6,17,15,-15.023218220080356
310,82,15,6,17,15,-15.023218220080356,2,1,-0.65,305,86,16,6,19,18,-15.467726366296372
305,86,16,6,19,18,-15.467726366296372,1,1,-0.45,300,86,17,3,34,18,-13.450139871708428
300,86,17,3,34,18,-13.450139871708428,1,1,-0.45,295,84,19,3,39,23,-10.60251216111285
295,84,19,3,39,23,-10.60251216111285,2,2,-0.9,290,83,34,3,39,37,-10.10595655393252
290,83,34,3,39,37,-10.10595655393252,0,2,-0.5,285,82,39,3,43,41,-13.121259517570534
285,82,39,3,43,41,-13.121259517570534,1,2,-0.7,280,80,39,6,39,41,-14.388364724058997
280,80,39,6,39,41,-14.388364724058997,1,2,-0.7,275,86,43,-4,40,44,-16.905116144479745
275,86,43,-4,40,44,-16.905116144479745,2,2,-0.9,270,89,39,-14,25,41,-19.316399313874093
270,89,39,-14,25,41,-19.316399313874093,2,1,-0.65,265,89,40,-13,24,40,-21.001314135007107
265,89,40,-13,24,40,-21.001314135007107,0,1,-0.25,260,88,25,-15,23,26,-19.040314480978033
260,88,25,-15,23,26,-19.040314480978033,2,2,-0.9,255,89,24,-16,20,24,-17.966763106938274
255,89,24,-16,20,24,-17.966763106938274,1,0,-0.2,250,91,23,-21,22,24,-16.27145860871082
250,91,23,-21,22,24,-16.27145860871082,1,0,-0.2,245,88,20,-19,16,21,-14.723580533248102
245,88,20,-19,16,21,-14.723580533248102,0,1,-0.25,240,92,22,-22,17,22,-17.613469759952874
240,92,22,-22,17,22,-17.613469759952874,1,1,-0.45,235,94,16,-26,14,16,-18.37819820594852
235,94,16,-26,14,16,-18.37819820594852,0,0,0.0,230,93,17,-24,14,17,-20.396370277213755
230,93,17,-24,14,17,-20.396370277213755,1,1,-0.45,225,96,14,-28,13,17,-15.987728577717084
225,96,14,-28,13,17,-15.987728577717084,2,2,-0.9,220,100,14,-33,12,15,-15.172045330269551
220,100,14,-33,12,15,-15.172045330269551,1,2,-0.7,215,101,13,-36,14,14,-14.668572901337525
215,101,13,-36,14,14,-14.668572901337525,2,1,-0.65,210,102,12,-37,15,12,-14.351050573669701
210,102,12,-37,15,12,-14.351050573669701,2,2,-0.9,205,106,14,-40,14,15,-15.953223440600505
205,106,14,-40,14,15,-15.953223440600505,1,2,-0.7,200,108,15,-44,13,15,-16.97785389450254
200,108,15,-44,13,15,-16.97785389450254,2,0,-0.4,195,106,14,-46,12,16,-16.769759117912766
195,106,14,-46,12,16,-16.769759117912766,1,2,-0.7,190,106,13,-53,12,13,-16.02833228882275
190,106,13,-53,12,13,-16.02833228882275,0,1,-0.25,185,107,12,-59,10,12,-17.331039772136123
185,107,12,-59,10,12,-17.331039772136123,1,1,-0.45,180,103,12,-58,12,12,-17.180022768825737
180,103,12,-58,12,12,-17.180022768825737,0,0,0.0,175,100,10,-60,11,11,-18.293852515436605
175,100,10,-60,11,11,-18.293852515436605,2,0,-0.4,170,100,12,-63,9,12,-14.096268883615068
170,100,12,-63,9,12,-14.096268883615068,0,0,0.0,165,96,11,-64,11,11,-17.900596570992924
165,96,11,-64,11,11,-17.900596570992924,1,2,-0.7,160,100,9,-71,14,9,-16.833879643019625
160,100,9,-71,14,9,-16.833879643019625,0,1,-0.25,155,99,11,-76,16,13,-13.266369053336803
155,99,11,-76,16,13,-13.266369053336803,0,0,0.0,150,90,14,-69,17,15,-12.248483573064751
150,90,14,-69,17,15,-12.248483573064751,0,2,-0.5,145,90,16,-75,23,18,-14.625658697054595
145,90,16,-75,23,18,-14.625658697054595,2,2,-0.9,140,91,17,-79,31,19,-10.429770284989589
140,91,17,-79,31,19,-10.429770284989589,0,1,-0.25,135,91,23,-82,36,29,-10.668564691883851
135,91,23,-82,36,29,-10.668564691883851,1,1,-0.45,130,87,31,-82,37,33,-13.089720887264663
130,87,31,-82,37,33,-13.089720887264663,1,0,-0.2,125,85,36,-82,43,36,-14.44386185530008
125,85,36,-82,43,36,-14.44386185530008,2,1,-0.65,120,87,37,-85,39,41,-13.517565636276158
120,87,37,-85,39,41,-13.517565636276158,0,1,-0.25,115,84,43,-84,41,44,-16.00797078834256
115,84,43,-84,41,44,-16.00797078834256,2,1,-0.65,110,84,39,-84,34,45,-16.198830230937613
110,84,39,-84,34,45,-16.198830230937613,2,1,-0.65,105,88,41,-88,29,41,-18.430900045781502
105,88,41,-88,29,41,-18.430900045781502,2,1,-0.65,100,89,34,-89,24,35,-18.644468579299712
100,89,34,-89,24,35,-18.644468579299712,2,0,-0.4,95,90,29,-90,20,29,-19.33758311141623
95,90,29,-90,20,29,-19.33758311141623,2,1,-0.65,90,92,24,-92,23,25,-20.311871644380147
90,92,24,-92,23,25,-20.311871644380147,2,2,-0.9,90,92,24,-92,23,25,-20.311871644380147
540,1,0,61,0,0,0.0,0,0,0.0,535,6,0,85,0,0,0.0
535,6,0,85,0,0,0.0,0,1,-0.25,530,11,0,83,2,0,0.0
530,11,0,83,2,0,0.0,1,0,-0.2,525,20,0,72,4,1,-1.5531779177931355
525,20,0,72,4,1,-1.5531779177931355,2,2,-0.9,520,28,2,65,5,3,-3.6796044008758244
520,28,2,65,5,3,-3.6796044008758244,1,1,-0.45,515,39,4,55,5,4,-7.646796239438254
515,39,4,55,5,4,-7.646796239438254,2,0,-0.4,510,48,5,45,10,5,-10.557027952821612
510,48,5,45,10,5,-10.557027952821612,0,0,0.0,505,56,5,35,11,8,-10.216998658498204
505,56,5,35,11,8,-10.216998658498204,2,2,-0.9,500,64,10,33,10,11,-11.817517686892186
500,64,10,33,10,11,-11.817517686892186,0,0,0.0,495,72,11,31,9,11,-16.817517686892188
495,72,11,31,9,11,-16.817517686892188,0,1,-0.25,490,74,10,35,9,11,-15.957520079705121
490,74,10,35,9,11,-15.957520079705121,0,1,-0.25,485,78,9,28,11,9,-17.831753308779632
485,78,9,28,11,9,-17.831753308779632,1,1,-0.45,480,85,9,18,7,10,-17.579500857708876
480,85,9,18,7,10,-17.579500857708876,0,2,-0.5,475,88,11,16,9,11,-20.826828553684866
475,88,11,16,9,11,-20.826828553684866,1,1,-0.45,470,88,7,17,9,9,-12.661682101800443
470,88,7,17,9,9,-12.661682101800443,0,1,-0.25,465,90,9,17,11,9,-14.130492721065117
465,90,9,17,11,9,-14.130492721065117,2,1,-0.65,460,94,9,9,10,10,-14.196454553200407
460,94,9,9,10,10,-14.196454553200407,1,0,-0.2,455,96,11,1,10,11,-14.892336865239118
455,96,11,1,10,11,-14.892336865239118,1,1,-0.45,450,98,10,-1,12,12,-15.698682367259254
450,98,10,-1,12,12,-15.698682367259254,2,1,-0.65,445,101,10,0,12,11,-16.4994259812372
445,101,10,0,12,11,-16.4994259812372,2,2,-0.9,440,105,12,-8,12,14,-15.127036422779664
440,105,12,-8,12,14,-15.127036422779664,2,0,-0.4,435,103,12,-13,9,12,-14.985208187911079
435,103,12,-13,9,12,-14.985208187911079,1,0,-0.2,430,108,12,-22,9,12,-17.365579662841537
430,108,12,-22,9,12,-17.365579662841537,1,2,-0.7,425,113,9,-23,8,9,-18.303710564070524
425,113,9,-23,8,9,-18.303710564070524,1,2,-0.7,420,117,9,-28,9,9,-23.303710564070524
420,117,9,-28,9,9,-23.303710564070524,0,1,-0.25,415,115,8,-28,7,9,-20.9555985155166
415,115,8,-28,7,9,-20.9555985155166,2,2,-0.9,410,118,9,-33,6,9,-15.414007687489491
410,118,9,-33,6,9,-15.414007687489491,2,0,-0.4,405,118,7,-35,6,7,-11.451495952078643
405,118,7,-35,6,7,-11.451495952078643,2,1,-0.65,400,119,6,-36,6,6,-13.754672272308147
400,119,6,-36,6,6,-13.754672272308147,2,2,-0.9,395,122,6,-30,7,6,-18.754672272308145
395,122,6,-30,7,6,-18.754672272308145,0,1,-0.25,390,120,6,-24,4,7,-20.602790274772918
390,120,6,-24,4,7,-20.602790274772918,2,1,-0.65,385,117,7,-21,3,7,-21.349611495906412
385,117,7,-21,3,7,-21.349611495906412,1,1,-0.45,380,122,4,-26,5,4,-13.21035461113842
380,122,4,-26,5,4,-13.21035461113842,2,1,-0.65,375,128,3,-29,7,4,-10.261090781239005
375,128,3,-29,7,4,-10.261090781239005,1,0,-0.2,370,133,5,-32,11,6,-10.997408987677366
370,133,5,-32,11,6,-10.997408987677366,0,0,0.0,365,129,7,-31,11,7,-14.168199361109966
365,129,7,-31,11,7,-14.168199361109966,1,0,-0.2,360,125,11,-23,15,12,-12.551954282240173
360,125,11,-23,15,12,-12.551954282240173,2,1,-0.65,355,129,11,-25,17,11,-12.9461901050589
355,129,11,-25,17,11,-12.9461901050589,1,1,-0.45,350,129,15,-26,17,16,-11.59396390586085
350,129,15,-26,17,16,-11.59396390586085,2,1,-0.65,345,133,17,-25,16,18,-15.009977023455466
345,133,17,-25,16,18,-15.009977023455466,1,0,-0.2,340,129,17,-15,16,17,-17.255541075657483
340,129,17,-15,16,17,-17.255541075657483,0,2,-0.5,335,121,16,-4,17,18,-17.435498368910665
335,121,16,-4,17,18,-17.435498368910665,2,2,-0.9,330,123,16,-5,13,18,-15.495549717364336
330,123,16,-5,13,18,-15.495549717364336,0,2,-0.5,325,126,17,-3,12,17,-17.85446423972728
325,126,17,-3,12,17,-17.85446423972728,0,0,0.0,320,119,13,6,15,13,-16.939038728584645
320,119,13,6,15,13,-16.939038728584645,1,0,-0.2,315,112,12,11,16,13,-16.785890301948914
315,112,12,11,16,13,-16.785890301948914,0,2,-0.5,310,109,15,15,17,15,-15.023218220080356
310,109,15,15,17,15,-15.023218220080356,1,1,-0.45,305,113,16,13,19,18,-15.467726366296372
305,113,16,13,19,18,-15.467726366296372,2,2,-0.9,300,115,17,8,34,18,-13.450139871708428
300,115,17,8,34,18,-13.450139871708428,2,0,-0.4,295,112,19,7,39,23,-10.60251216111285
295,112,19,7,39,23,-10.60251216111285,1,0,-0.2,290,110,34,9,39,37,-10.10595655393252
290,110,34,9,39,37,-10.10595655393252,0,2,-0.5,285,108,39,7,43,41,-13.121259517570534
285,108,39,7,43,41,-13.121259517570534,1,1,-0.45,280,107,39,10,39,41,-14.388364724058997
280,107,39,10,39,41,-14.388364724058997,0,1,-0.25,275,114,43,-1,40,44,-16.905116144479745
275,114,43,-1,40,44,-16.905116144479745,2,0,-0.4,270,117,39,-14,25,41,-19.316399313874093
270,117,39,-14,25,41,-19.316399313874093,1,1,-0.45,265,118,40,-15,24,40,-21.001314135007107
265,118,40,-15,24,40,-21.001314135007107,1,0,-0.2,260,117,25,-14,23,26,-19.040314480978033
260,117,25,-14,23,26,-19.040314480978033,0,0,0.0,255,116,24,-15,20,24,-17.966763106938274
255,116,24,-15,20,24,-17.966763106938274,0,1,-0.25,250,119,23,-22,22,24,-16.27145860871082
250,119,23,-22,22,24,-16.27145860871082,2,2,-0.9,245,117,20,-22,16,21,-14.723580533248102
245,117,20,-22,16,21,-14.723580533248102,1,1,-0.45,240,119,22,-22,17,22,-17.613469759952874
240,119,22,-22,17,22,-17.613469759952874,2,2,-0.9,235,121,16,-27,14,16,-18.37819820594852
235,121,16,-27,14,16,-18.37819820594852,0,1,-0.25,230,120,17,-26,14,17,-20.396370277213755
230,120,17,-26,14,17,-20.396370277213755,0,1,-0.25,225,124,14,-28,13,17,-15.987728577717084
225,124,14,-28,13,17,-15.987728577717084,2,1,-0.65,220,128,14,-33,12,15,-15.172045330269551
220,128,14,-33,12,15,-15.172045330269551,2,1,-0.65,215,131,13,-37,14,14,-14.668572901337525
215,131,13,-37,14,14,-14.668572901337525,1,0,-0.2,210,129,12,-33,15,12,-14.351050573669701
210,129,12,-33,15,12,-14.351050573669701,1,2,-0.7,205,135,14,-34,14,15,-15.953223440600505
205,135,14,-34,14,15,-15.953223440600505,2,1,-0.65,200,139,15,-42,13,15,-16.97785389450254
200,139,15,-42,13,15,-16.97785389450254,2,1,-0.65,195,138,14,-45,12,16,-16.769759117912766
195,138,14,-45,12,16,-16.769759117912766,0,2,-0.5,190,139,13,-56,12,13,-16.02833228882275
190,139,13,-56,12,13,-16.02833228882275,0,2,-0.5,185,139,12,-63,10,12,-17.331039772136123
185,139,12,-63,10,12,-17.331039772136123,0,2,-0.5,180,136,12,-65,12,12,-17.180022768825737
180,136,12,-65,12,12,-17.180022768825737,1,1,-0.45,175,132,10,-68,11,11,-18.293852515436605
175,132,10,-68,11,11,-18.293852515436605,1,0,-0.2,170,133,12,-76,9,12,-14.096268883615068
170,133,12,-76,9,12,-14.096268883615068,0,1,-0.25,165,130,11,-81,11,11,-17.900596570992924
165,130,11,-81,11,11,-17.900596570992924,0,0,0.0,160,131,9,-88,14,9,-16.833879643019625
160,131,9,-88,14,9,-16.833879643019625,2,2,-0.9,155,130,11,-95,16,13,-13.266369053336803
155,130,11,-95,16,13,-13.266369053336803,0,2,-0.5,150,121,14,-91,17,15,-12.248483573064751
150,121,14,-91,17,15,-12.248483573064751,1,2,-0.7,145,121,16,-100,23,18,-14.625658697054595
145,121,16,-100,23,18,-14.625658697054595,0,2,-0.5,140,121,17,-104,31,19,-10.429770284989589
140,121,17,-104,31,19,-10.429770284989589,1,0,-0.2,135,119,23,-106,36,29,-10.668564691883851
135,119,23,-106,36,29,-10.668564691883851,1,1,-0.45,130,116,31,-108,37,33,-13.089720887264663
130,116,31,-108,37,33,-13.089720887264663,1,1,-0.45,125,115,36,-109,43,36,-14.44386185530008
125,115,36,-109,43,36,-14.44386185530008,1,2,-0.7,120,120,37,-116,39,41,-13.517565636276158
120,120,37,-116,39,41,-13.517565636276158,2,0,-0.4,115,116,43,-116,41,44,-16.00797078834256
115,116,43,-116,41,44,-16.00797078834256,1,2,-0.7,110,117,39,-117,34,45,-16.198830230937613
110,117,39,-117,34,45,-16.198830230937613,2,0,-0.4,105,122,41,-122,29,41,-18.430900045781502
105,122,41,-122,29,41,-18.430900045781502,1,0,-0.2,100,122,34,-122,24,35,-18.644468579299712
100,122,34,-122,24,35,-18.644468579299712,0,2,-0.5,95,121,29,-121,20,29,-19.33758311141623
95,121,29,-121,20,29,-19.33758311141623,1,1,-0.45,90,123,24,-123,23,25,-20.311871644380147
90,123,24,-123,23,25,-20.311871644380147,0,2,-0.5,90,123,24,-123,23,25,-20.311871644380147
540,1,0,93,0,0,0.0,0,2,-0.5,535,8,0,116,0,0,0.0
535,8,0,116,0,0,0.0,2,0,-0.4,530,15,0,113,2,0,0.0
530,15,0,113,2,0,0.0,1,2,-0.7,525,27,0,101,4,1,-1.5531779177931355
525,27,0,101,4,1,-1.5531779177931355,0,2,-0.5,520,37,2,92,5,3,-3.6796044008758244
520,37,2,92,5,3,-3.6796044008758244,0,1,-0.25,515,49,4,83,5,4,-7.646796239438254
515,49,4,83,5,4,-7.646796239438254,0,1,-0.25,510,59,5,71,10,5,-10.557027952821612
510,59,5,71,10,5,-10.557027952821612,2,2,-0.9,505,71,5,56,11,8,-10.216998658498204
505,71,5,56,11,8,-10.216998658498204,2,2,-0.9,500,83,10,49,10,11,-11.817517686892186
500,83,10,49,10,11,-11.817517686892186,1,0,-0.2,495,92,11,46,9,11,-16.817517686892188
495,92,11,46,9,11,-16.817517686892188,1,0,-0.2,490,95,10,48,9,11,-15.957520079705121
490,95,10,48,9,11,-15.957520079705121,0,2,-0.5,485,101,9,38,11,9,-17.831753308779632
485,101,9,38,11,9,-17.831753308779632,1,1,-0.45,480,110,9,25,7,10,-17.579500857708876
480,110,9,25,7,10,-17.579500857708876,0,0,0.0,475,113,11,25,9,11,-20.826828553684866
475,113,11,25,9,11,-20.826828553684866,2,0,-0.4,470,113,7,24,9,9,-12.661682101800443
470,113,7,24,9,9,-12.661682101800443,1,2,-0.7,465,117,9,23,11,9,-14.130492721065117
465,117,9,23,11,9,-14.130492721065117,2,2,-0.9,460,125,9,10,10,10,-14.196454553200407
460,125,9,10,10,10,-14.196454553200407,1,1,-0.45,455,129,11,-2,10,11,-14.892336865239118
455,129,11,-2,10,11,-14.892336865239118,2,2,-0.9,450,135,10,-6,12,12,-15.698682367259254
450,135,10,-6,12,12,-15.698682367259254,2,1,-0.65,445,137,10,-5,12,11,-16.4994259812372
445,137,10,-5,12,11,-16.4994259812372,0,2,-0.5,440,141,12,-16,12,14,-15.127036422779664
440,141,12,-16,12,14,-15.127036422779664,1,1,-0.45,435,138,12,-21,9,12,-14.985208187911079
435,138,12,-21,9,12,-14.985208187911079,1,0,-0.2,430,141,12,-28,9,12,-17.365579662841537
430,141,12,-28,9,12,-17.365579662841537,0,1,-0.25,425,146,9,-29,8,9,-18.303710564070524
425,146,9,-29,8,9,-18.303710564070524,0,0,0.0,420,148,9,-30,9,9,-23.303710564070524
420,148,9,-30,9,9,-23.303710564070524,0,1,-0.25,415,145,8,-30,7,9,-20.9555985155166
415,145,8,-30,7,9,-20.9555985155166,2,1,-0.65,410,147,9,-35,6,9,-15.414007687489491
410,147,9,-35,6,9,-15.414007687489491,1,2,-0.7,405,149,7,-40,6,7,-11.451495952078643
405,149,7,-40,6,7,-11.451495952078643,2,1,-0.65,400,151,6,-41,6,6,-13.754672272308147
400,151,6,-41,6,6,-13.754672272308147,2,0,-0.4,395,153,6,-33,7,6,-18.754672272308145
395,153,6,-33,7,6,-18.754672272308145,0,2,-0.5,390,150,6,-26,4,7,-20.602790274772918
390,150,6,-26,4,7,-20.602790274772918,0,1,-0.25,385,146,7,-21,3,7,-21.349611495906412
385,146,7,-21,3,7,-21.349611495906412,1,2,-0.7,380,154,4,-29,5,4,-13.21035461113842
380,154,4,-29,5,4,-13.21035461113842,2,2,-0.9,375,161,3,-35,7,4,-10.261090781239005
375,161,3,-35,7,4,-10.261090781239005,1,0,-0.2,370,164,5,-35,11,6,-10.997408987677366
370,164,5,-35,11,6,-10.997408987677366,2,1,-0.65,365,162,7,-35,11,7,-14.168199361109966
365,162,7,-35,11,7,-14.168199361109966,1,2,-0.7,360,159,11,-30,15,12,-12.551954282240173
360,159,11,-30,15,12,-12.551954282240173,1,1,-0.45,355,164,11,-33,17,11,-12.9461901050589
355,164,11,-33,17,11,-12.9461901050589,0,0,0.0,350,160,15,-30,17,16,-11.59396390586085
350,160,15,-30,17,16,-11.59396390586085,0,0,0.0,345,162,17,-26,16,18,-15.009977023455466
345,162,17,-26,16,18,-15.009977023455466,1,2,-0.7,340,159,17,-17,16,17,-17.255541075657483
340,159,17,-17,16,17,-17.255541075657483,2,0,-0.4,335,150,16,-3,17,18,-17.435498368910665
335,150,16,-3,17,18,-17.435498368910665,1,1,-0.45,330,154,16,-9,13,18,-15.495549717364336
330,154,16,-9,13,18,-15.495549717364336,2,1,-0.65,325,159,17,-7,12,17,-17.85446423972728
325,159,17,-7,12,17,-17.85446423972728,0,2,-0.5,320,152,13,4,15,13,-16.939038728584645
320,152,13,4,15,13,-16.939038728584645,0,1,-0.25,315,142,12,13,16,13,-16.785890301948914
315,142,12,13,16,13,-16.785890301948914,2,1,-0.65,310,140,15,17,17,15,-15.023218220080356
310,140,15,17,17,15,-15.023218220080356,2,2,-0.9,305,146,16,12,19,18,-15.467726366296372
305,146,16,12,19,18,-15.467726366296372,0,0,0.0,300,145,17,11,34,18,-13.450139871708428
300,145,17,11,34,18,-13.450139871708428,1,2,-0.7,295,143,19,8,39,23,-10.60251216111285
295,143,19,8,39,23,-10.60251216111285,1,0,-0.2,290,140,34,12,39,37,-10.10595655393252
290,140,34,12,39,37,-10.10595655393252,2,2,-0.9,285,140,39,9,43,41,-13.121259517570534
285,140,39,9,43,41,-13.121259517570534,0,0,0.0,280,138,39,10,39,41,-14.388364724058997
280,138,39,10,39,41,-14.388364724058997,2,2,-0.9,275,146,43,-2,40,44,-16.905116144479745
275,146,43,-2,40,44,-16.905116144479745,2,2,-0.9,270,150,39,-16,25,41,-19.316399313874093
270,150,39,-16,25,41,-19.316399313874093,0,1,-0.25,265,149,40,-15,24,40,-21.001314135007107
265,149,40,-15,24,40,-21.001314135007107,1,2,-0.7,260,151,25,-18,23,26,-19.040314480978033
260,151,25,-18,23,26,-19.040314480978033,1,2,-0.7,255,153,24,-24,20,24,-17.966763106938274
255,153,24,-24,20,24,-17.966763106938274,1,0,-0.2,250,153,23,-27,22,24,-16.27145860871082
250,153,23,-27,22,24,-16.27145860871082,0,0,0.0,245,149,20,-24,16,21,-14.723580533248102
245,149,20,-24,16,21,-14.723580533248102,2,2,-0.9,240,154,22,-24,17,22,-17.613469759952874
240,154,22,-24,17,22,-17.613469759952874,2,0,-0.4,235,156,16,-30,14,16,-18.37819820594852
235,156,16,-30,14,16,-18.37819820594852,2,1,-0.65,230,155,17,-28,14,17,-20.396370277213755
230,155,17,-28,14,17,-20.396370277213755,0,2,-0.5,225,158,14,-28,13,17,-15.987728577717084
225,158,14,-28,13,17,-15.987728577717084,2,2,-0.9,220,165,14,-37,12,15,-15.172045330269551
220,165,14,-37,12,15,-15.172045330269551,0,2,-0.5,215,166,13,-41,14,14,-14.668572901337525
215,166,13,-41,14,14,-14.668572901337525,0,1,-0.25,210,163,12,-36,15,12,-14.351050573669701
210,163,12,-36,15,12,-14.351050573669701,2,2,-0.9,205,171,14,-39,14,15,-15.953223440600505
205,171,14,-39,14,15,-15.953223440600505,1,1,-0.45,200,176,15,-48,13,15,-16.97785389450254
200,176,15,-48,13,15,-16.97785389450254,0,2,-0.5,195,174,14,-52,12,16,-16.769759117912766
195,174,14,-52,12,16,-16.769759117912766,1,1,-0.45,190,176,13,-65,12,13,-16.02833228882275
190,176,13,-65,12,13,-16.02833228882275,2,0,-0.4,185,176,12,-75,10,12,-17.331039772136123
185,176,12,-75,10,12,-17.331039772136123,0,1,-0.25,180,170,12,-77,12,12,-17.180022768825737
180,170,12,-77,12,12,-17.180022768825737,0,2,-0.5,175,165,10,-83,11,11,-18.293852515436605
175,165,10,-83,11,11,-18.293852515436605,2,1,-0.65,170,165,12,-93,9,12,-14.096268883615068
170,165,12,-93,9,12,-14.096268883615068,1,0,-0.2,165,161,11,-99,11,11,-17.900596570992924
165,161,11,-99,11,11,-17.900596570992924,2,0,-0.4,160,162,9,-108,14,9,-16.833879643019625
160,162,9,-108,14,9,-16.833879643019625,2,2,-0.9,155,165,11,-120,16,13,-13.266369053336803
155,165,11,-120,16,13,-13.266369053336803,0,2,-0.5,150,156,14,-119,17,15,-12.248483573064751
150,156,14,-119,17,15,-12.248483573064751,0,0,0.0,145,154,16,-126,23,18,-14.625658697054595
145,154,16,-126,23,18,-14.625658697054595,1,1,-0.45,140,154,17,-132,31,19,-10.429770284989589
140,154,17,-132,31,19,-10.429770284989589,0,1,-0.25,135,151,23,-133,36,29,-10.668564691883851
135,151,23,-133,36,29,-10.668564691883851,1,1,-0.45,130,147,31,-134,37,33,-13.089720887264663
130,147,31,-134,37,33,-13.089720887264663,2,1,-0.65,125,145,36,-136,43,36,-14.44386185530008
125,145,36,-136,43,36,-14.44386185530008,0,2,-0.5,120,151,37,-145,39,41,-13.517565636276158
120,151,37,-145,39,41,-13.517565636276158,1,1,-0.45,115,147,43,-147,41,44,-16.00797078834256
115,147,43,-147,41,44,-16.00797078834256,1,2,-0.7,110,148,39,-148,34,45,-16.198830230937613
110,148,39,-148,34,45,-16.198830230937613,2,2,-0.9,105,154,41,-154,29,41,-18.430900045781502
105,154,41,-154,29,41,-18.430900045781502,1,0,-0.2,100,152,34,-152,24,35,-18.644468579299712
100,152,34,-152,24,35,-18.644468579299712,1,2,-0.7,95,152,29,-152,20,29,-19.33758311141623
95,152,29,-152,20,29,-19.33758311141623,2,0,-0.4,90,155,24,-155,23,25,-20.311871644380147
90,155,24,-155,23,25,-20.311871644380147,1,0,-0.2,90,155,24,-155,23,25,-20.311871644380147
540,1,0,124,0,0,0.0,1,2,-0.7,535,11,0,143,0,0,0.0
535,11,0,143,0,0,0.0,1,0,-0.2,530,19,0,138,2,0,0.0
530,19,0,138,2,0,0.0,0,2,-0.5,525,33,0,126,4,1,-1.5531779177931355
525,33,0,126,4,1,-1.5531779177931355,2,1,-0.65,520,46,2,115,5,3,-3.6796044008758244
520,46,2,115,5,3,-3.6796044008758244,0,2,-0.5,515,60,4,103,5,4,-7.646796239438254
515,60,4,103,5,4,-7.646796239438254,0,0,0.0,510,70,5,90,10,5,-10.557027952821612
510,70,5,90,10,5,-10.557027952821612,1,0,-0.2,505,83,5,73,11,8,-10.216998658498204
505,83,5,73,11,8,-10.216998658498204,0,2,-0.5,500,97,10,67,10,11,-11.817517686892186
500,97,10,67,10,11,-11.817517686892186,1,1,-0.45,495,108,11,63,9,11,-16.817517686892188
495,108,11,63,9,11,-16.817517686892188,2,2,-0.9,490,115,10,59,9,11,-15.957520079705121
490,115,10,59,9,11,-15.957520079705121,1,1,-0.45,485,123,9,49,11,9,-17.831753308779632
485,123,9,49,11,9,-17.831753308779632,1,2,-0.7,480,135,9,34,7,10,-17.579500857708876
480,135,9,34,7,10,-17.579500857708876,2,2,-0.9,475,141,11,32,9,11,-20.826828553684866
475,141,11,32,9,11,-20.826828553684866,2,0,-0.4,470,142,7,26,9,9,-12.661682101800443
470,142,7,26,9,9,-12.661682101800443,0,1,-0.25,465,147,9,22,11,9,-14.130492721065117
465,147,9,22,11,9,-14.130492721065117,1,2,-0.7,460,156,9,9,10,10,-14.196454553200407
460,156,9,9,10,10,-14.196454553200407,2,1,-0.65,455,163,11,-7,10,11,-14.892336865239118
455,163,11,-7,10,11,-14.892336865239118,2,1,-0.65,450,172,10,-12,12,12,-15.698682367259254
450,172,10,-12,12,12,-15.698682367259254,1,2,-0.7,445,174,10,-9,12,11,-16.4994259812372
445,174,10,-9,12,11,-16.4994259812372,2,0,-0.4,440,180,12,-22,12,14,-15.127036422779664
440,180,12,-22,12,14,-15.127036422779664,0,1,-0.25,435,175,12,-28,9,12,-14.985208187911079
435,175,12,-28,9,12,-14.985208187911079,0,2,-0.5,430,177,12,-33,9,12,-17.365579662841537
430,177,12,-33,9,12,-17.365579662841537,1,1,-0.45,425,181,9,-31,8,9,-18.303710564070524
425,181,9,-31,8,9,-18.303710564070524,1,2,-0.7,420,185,9,-37,9,9,-23.303710564070524
420,185,9,-37,9,9,-23.303710564070524,0,2,-0.5,415,182,8,-36,7,9,-20.9555985155166
415,182,8,-36,7,9,-20.9555985155166,1,0,-0.2,410,181,9,-39,6,9,-15.414007687489491
410,181,9,-39,6,9,-15.414007687489491,0,0,0.0,405,182,7,-41,6,7,-11.451495952078643
405,182,7,-41,6,7,-11.451495952078643,0,1,-0.25,400,182,6,-41,6,6,-13.754672272308147
400,182,6,-41,6,6,-13.754672272308147,0,1,-0.25,395,182,6,-30,7,6,-18.754672272308145
395,182,6,-30,7,6,-18.754672272308145,1,0,-0.2,390,176,6,-19,4,7,-20.602790274772918
390,176,6,-19,4,7,-20.602790274772918,1,0,-0.2,385,170,7,-14,3,7,-21.349611495906412
385,170,7,-14,3,7,-21.349611495906412,2,2,-0.9,380,180,4,-21,5,4,-13.21035461113842
380,180,4,-21,5,4,-13.21035461113842,0,1,-0.25,375,187,3,-24,7,4,-10.261090781239005
375,187,3,-24,7,4,-10.261090781239005,2,0,-0.4,370,190,5,-27,11,6,-10.997408987677366
370,190,5,-27,11,6,-10.997408987677366,2,0,-0.4,365,188,7,-29,11,7,-14.168199361109966
365,188,7,-29,11,7,-14.168199361109966,2,1,-0.65,360,186,11,-22,15,12,-12.551954282240173
360,186,11,-22,15,12,-12.551954282240173,0,2,-0.5,355,191,11,-25,17,11,-12.9461901050589
355,191,11,-25,17,11,-12.9461901050589,1,0,-0.2,350,187,15,-22,17,16,-11.59396390586085
350,187,15,-22,17,16,-11.59396390586085,2,2,-0.9,345,192,17,-22,16,18,-15.009977023455466
345,192,17,-22,16,18,-15.009977023455466,2,0,-0.4,340,189,17,-10,16,17,-17.255541075657483
340,189,17,-10,16,17,-17.255541075657483,1,0,-0.2,335,180,16,2,17,18,-17.435498368910665
335,180,16,2,17,18,-17.435498368910665,0,1,-0.25,330,182,16,-3,13,18,-15.495549717364336
330,182,16,-3,13,18,-15.495549717364336,1,0,-0.2,325,185,17,3,12,17,-17.85446423972728
325,185,17,3,12,17,-17.85446423972728,1,2,-0.7,320,179,13,14,15,13,-16.939038728584645
320,179,13,14,15,13,-16.939038728584645,2,1,-0.65,315,172,12,19,16,13,-16.785890301948914
315,172,12,19,16,13,-16.785890301948914,1,2,-0.7,310,170,15,24,17,15,-15.023218220080356
310,170,15,24,17,15,-15.023218220080356,2,2,-0.9,305,177,16,18,19,18,-15.467726366296372
305,177,16,18,19,18,-15.467726366296372,1,2,-0.7,300,177,17,13,34,18,-13.450139871708428
300,177,17,13,34,18,-13.450139871708428,0,2,-0.5,295,177,19,7,39,23,-10.60251216111285
295,177,19,7,39,23,-10.60251216111285,0,0,0.0,290,171,34,13,39,37,-10.10595655393252
290,171,34,13,39,37,-10.10595655393252,1,1,-0.45,285,170,39,10,43,41,-13.121259517570534
285,170,39,10,43,41,-13.121259517570534,1,1,-0.45,280,168,39,11,39,41,-14.388364724058997
280,168,39,11,39,41,-14.388364724058997,2,1,-0.65,275,178,43,1,40,44,-16.905116144479745
275,178,43,1,40,44,-16.905116144479745,1,1,-0.45,270,183,39,-14,25,41,-19.316399313874093
270,183,39,-14,25,41,-19.316399313874093,2,2,-0.9,265,183,40,-16,24,40,-21.001314135007107
265,183,40,-16,24,40,-21.001314135007107,1,2,-0.7,260,187,25,-21,23,26,-19.040314480978033
260,187,25,-21,23,26,-19.040314480978033,1,0,-0.2,255,186,24,-25,20,24,-17.966763106938274
255,186,24,-25,20,24,-17.966763106938274,1,0,-0.2,250,186,23,-29,22,24,-16.27145860871082
250,186,23,-29,22,24,-16.27145860871082,1,2,-0.7,245,183,20,-28,16,21,-14.723580533248102
245,183,20,-28,16,21,-14.723580533248102,1,2,-0.7,240,189,22,-28,17,22,-17.613469759952874
240,189,22,-28,17,22,-17.613469759952874,2,1,-0.65,235,194,16,-37,14,16,-18.37819820594852
235,194,16,-37,14,16,-18.37819820594852,1,1,-0.45,230,193,17,-35,14,17,-20.396370277213755
230,193,17,-35,14,17,-20.396370277213755,1,1,-0.45,225,196,14,-34,13,17,-15.987728577717084
225,196,14,-34,13,17,-15.987728577717084,2,1,-0.65,220,203,14,-45,12,15,-15.172045330269551
220,203,14,-45,12,15,-15.172045330269551,1,1,-0.45,215,202,13,-46,14,14,-14.668572901337525
215,202,13,-46,14,14,-14.668572901337525,0,1,-0.25,210,197,12,-38,15,12,-14.351050573669701
210,197,12,-38,15,12,-14.351050573669701,1,2,-0.7,205,204,14,-41,14,15,-15.953223440600505
205,204,14,-41,14,15,-15.953223440600505,0,2,-0.5,200,210,15,-53,13,15,-16.97785389450254
200,210,15,-53,13,15,-16.97785389450254,1,0,-0.2,195,207,14,-56,12,16,-16.769759117912766
195,207,14,-56,12,16,-16.769759117912766,0,2,-0.5,190,209,13,-70,12,13,-16.02833228882275
190,209,13,-70,12,13,-16.02833228882275,2,0,-0.4,185,209,12,-84,10,12,-17.331039772136123
185,209,12,-84,10,12,-17.331039772136123,2,2,-0.9,180,205,12,-90,12,12,-17.180022768825737
180,205,12,-90,12,12,-17.180022768825737,1,2,-0.7,175,199,10,-96,11,11,-18.293852515436605
175,199,10,-96,11,11,-18.293852515436605,2,2,-0.9,170,200,12,-109,9,12,-14.096268883615068
170,200,12,-109,9,12,-14.096268883615068,2,0,-0.4,165,197,11,-119,11,11,-17.900596570992924
165,197,11,-119,11,11,-17.900596570992924,1,2,-0.7,160,199,9,-131,14,9,-16.833879643019625
160,199,9,-131,14,9,-16.833879643019625,2,1,-0.65,155,202,11,-145,16,13,-13.266369053336803
155,202,11,-145,16,13,-13.266369053336803,2,0,-0.4,150,193,14,-148,17,15,-12.248483573064751
150,193,14,-148,17,15,-12.248483573064751,2,0,-0.4,145,191,16,-157,23,18,-14.625658697054595
145,191,16,-157,23,18,-14.625658697054595,0,1,-0.25,140,191,17,-165,31,19,-10.429770284989589
140,191,17,-165,31,19,-10.429770284989589,0,0,0.0,135,186,23,-166,36,29,-10.668564691883851
135,186,23,-166,36,29,-10.668564691883851,1,0,-0.2,130,182,31,-167,37,33,-13.089720887264663
130,182,31,-167,37,33,-13.089720887264663,1,0,-0.2,125,178,36,-169,43,36,-14.44386185530008
125,178,36,-169,43,36,-14.44386185530008,1,1,-0.45,120,183,37,-177,39,41,-13.517565636276158
120,183,37,-177,39,41,-13.517565636276158,2,2,-0.9,115,180,43,-180,41,44,-16.00797078834256
115,180,43,-180,41,44,-16.00797078834256,1,1,-0.45,110,179,39,-179,34,45,-16.198830230937613
110,179,39,-179,34,45,-16.198830230937613,1,0,-0.2,105,184,41,-184,29,41,-18.430900045781502
105,184,41,-184,29,41,-18.430900045781502,0,1,-0.25,100,180,34,-180,24,35,-18.644468579299712
100,180,34,-180,24,35,-18.644468579299712,0,2,-0.5,95,180,29,-180,20,29,-19.33758311141623
95,180,29,-180,20,29,-19.33758311141623,0,2,-0.5,90,181,24,-181,23,25,-20.311871644380147
90,181,24,-181,23,25,-20.311871644380147,1,1,-0.45,90,181,24,-181,23,25,-20.311871644380147
540,1,0,161,0,0,0.0,1,1,-0.45,535,13,0,178,0,0,0.0
535,13,0,178,0,0,0.0,2,1,-0.65,530,24,0,167,2,0,0.0
530,24,0,167,2,0,0.0,1,1,-0.45,525,40,0,152,4,1,-1.5531779177931355
525,40,0,152,4,1,-1.5531779177931355,2,0,-0.4,520,55,2,137,5,3,-3.6796044008758244
520,55,2,137,5,3,-3.6796044008758244,2,0,-0.4,515,71,4,121,5,4,-7.646796239438254
515,71,4,121,5,4,-7.646796239438254,2,0,-0.4,510,83,5,103,10,5,-10.557027952821612
510,83,5,103,10,5,-10.557027952821612,2,0,-0.4,505,98,5,82,11,8,-10.216998658498204
505,98,5,82,11,8,-10.216998658498204,0,0,0.0,500,112,10,78,10,11,-11.817517686892186
500,112,10,78,10,11,-11.817517686892186,1,2,-0.7,495,126,11,71,9,11,-16.817517686892188
495,126,11,71,9,11,-16.817517686892188,2,0,-0.4,490,135,10,65,9,11,-15.957520079705121
490,135,10,65,9,11,-15.957520079705121,2,1,-0.65,485,146,9,52,11,9,-17.831753308779632
485,146,9,52,11,9,-17.831753308779632,0,1,-0.25,480,159,9,37,7,10,-17.579500857708876
480,159,9,37,7,10,-17.579500857708876,0,1,-0.25,475,165,11,35,9,11,-20.826828553684866
475,165,11,35,9,11,-20.826828553684866,2,0,-0.4,470,166,7,29,9,9,-12.661682101800443
470,166,7,29,9,9,-12.661682101800443,0,1,-0.25,465,171,9,28,11,9,-14.130492721065117
465,171,9,28,11,9,-14.130492721065117,0,0,0.0,460,178,9,17,10,10,-14.196454553200407
460,178,9,17,10,10,-14.196454553200407,1,0,-0.2,455,184,11,2,10,11,-14.892336865239118
455,184,11,2,10,11,-14.892336865239118,0,0,0.0,450,191,10,-3,12,12,-15.698682367259254
450,191,10,-3,12,12,-15.698682367259254,1,0,-0.2,445,191,10,0,12,11,-16.4994259812372
445,191,10,0,12,11,-16.4994259812372,2,2,-0.9,440,200,12,-15,12,14,-15.127036422779664
440,200,12,-15,12,14,-15.127036422779664,1,0,-0.2,435,194,12,-17,9,12,-14.985208187911079
435,194,12,-17,9,12,-14.985208187911079,0,0,0.0,430,194,12,-20,9,12,-17.365579662841537
430,194,12,-20,9,12,-17.365579662841537,2,1,-0.65,425,199,9,-18,8,9,-18.303710564070524
425,199,9,-18,8,9,-18.303710564070524,0,1,-0.25,420,204,9,-24,9,9,-23.303710564070524
420,204,9,-24,9,9,-23.303710564070524,2,2,-0.9,415,205,8,-25,7,9,-20.9555985155166
415,205,8,-25,7,9,-20.9555985155166,0,1,-0.25,410,203,9,-30,6,9,-15.414007687489491
410,203,9,-30,6,9,-15.414007687489491,2,1,-0.65,405,205,7,-34,6,7,-11.451495952078643
405,205,7,-34,6,7,-11.451495952078643,0,2,-0.5,400,207,6,-36,6,6,-13.754672272308147
400,207,6,-36,6,6,-13.754672272308147,0,0,0.0,395,205,6,-21,7,6,-18.754672272308145
395,205,6,-21,7,6,-18.754672272308145,0,1,-0.25,390,199,6,-9,4,7,-20.602790274772918
390,199,6,-9,4,7,-20.602790274772918,2,2,-0.9,385,195,7,-5,3,7,-21.349611495906412
385,195,7,-5,3,7,-21.349611495906412,0,0,0.0,380,203,4,-8,5,4,-13.21035461113842
380,203,4,-8,5,4,-13.21035461113842,1,0,-0.2,375,209,3,-13,7,4,-10.261090781239005
375,209,3,-13,7,4,-10.261090781239005,2,0,-0.4,370,214,5,-18,11,6,-10.997408987677366
370,214,5,-18,11,6,-10.997408987677366,1,0,-0.2,365,211,7,-18,11,7,-14.168199361109966
365,211,7,-18,11,7,-14.168199361109966,1,2,-0.7,360,212,11,-13,15,12,-12.551954282240173
360,212,11,-13,15,12,-12.551954282240173,0,1,-0.25,355,216,11,-12,17,11,-12.9461901050589
355,216,11,-12,17,11,-12.9461901050589,1,2,-0.7,350,213,15,-10,17,16,-11.59396390586085
350,213,15,-10,17,16,-11.59396390586085,1,0,-0.2,345,217,17,-9,16,18,-15.009977023455466
345,217,17,-9,16,18,-15.009977023455466,2,1,-0.65,340,217,17,0,16,17,-17.255541075657483
340,217,17,0,16,17,-17.255541075657483,1,2,-0.7,335,210,16,8,17,18,-17.435498368910665
335,210,16,8,17,18,-17.435498368910665,1,2,-0.7,330,214,16,-1,13,18,-15.495549717364336
330,214,16,-1,13,18,-15.495549717364336,2,0,-0.4,325,215,17,6,12,17,-17.85446423972728
325,215,17,6,12,17,-17.85446423972728,2,1,-0.65,320,211,13,16,15,13,-16.939038728584645
320,211,13,16,15,13,-16.939038728584645,0,2,-0.5,315,204,12,20,16,13,-16.785890301948914
315,204,12,20,16,13,-16.785890301948914,2,1,-0.65,310,201,15,26,17,15,-15.023218220080356
310,201,15,26,17,15,-15.023218220080356,1,1,-0.45,305,209,16,19,19,18,-15.467726366296372
305,209,16,19,19,18,-15.467726366296372,0,2,-0.5,300,209,17,16,34,18,-13.450139871708428
300,209,17,16,34,18,-13.450139871708428,0,2,-0.5,295,209,19,9,39,23,-10.60251216111285
295,209,19,9,39,23,-10.60251216111285,0,0,0.0,290,202,34,17,39,37,-10.10595655393252
290,202,34,17,39,37,-10.10595655393252,1,0,-0.2,285,201,39,15,43,41,-13.121259517570534
285,201,39,15,43,41,-13.121259517570534,0,1,-0.25,280,198,39,18,39,41,-14.388364724058997
280,198,39,18,39,41,-14.388364724058997,0,1,-0.25,275,208,43,8,40,44,-16.905116144479745
275,208,43,8,40,44,-16.905116144479745,2,1,-0.65,270,213,39,-7,25,41,-19.316399313874093
270,213,39,-7,25,41,-19.316399313874093,2,0,-0.4,265,212,40,-8,24,40,-21.001314135007107
265,212,40,-8,24,40,-21.001314135007107,0,1,-0.25,260,213,25,-10,23,26,-19.040314480978033
260,213,25,-10,23,26,-19.040314480978033,2,2,-0.9,255,216,24,-20,20,24,-17.966763106938274
255,216,24,-20,20,24,-17.966763106938274,2,0,-0.4,250,215,23,-23,22,24,-16.27145860871082
250,215,23,-23,22,24,-16.27145860871082,2,1,-0.65,245,212,20,-24,16,21,-14.723580533248102
245,212,20,-24,16,21,-14.723580533248102,1,1,-0.45,240,218,22,-25,17,22,-17.613469759952874
240,218,22,-25,17,22,-17.613469759952874,0,2,-0.5,235,225,16,-35,14,16,-18.37819820594852
235,225,16,-35,14,16,-18.37819820594852,0,1,-0.25,230,224,17,-35,14,17,-20.396370277213755
230,224,17,-35,14,17,-20.396370277213755,2,0,-0.4,225,226,14,-34,13,17,-15.987728577717084
225,226,14,-34,13,17,-15.987728577717084,2,0,-0.4,220,234,14,-48,12,15,-15.172045330269551
220,234,14,-48,12,15,-15.172045330269551,0,0,0.0,215,232,13,-48,14,14,-14.668572901337525
215,232,13,-48,14,14,-14.668572901337525,1,2,-0.7,210,226,12,-41,15,12,-14.351050573669701
210,226,12,-41,15,12,-14.351050573669701,0,0,0.0,205,229,14,-42,14,15,-15.953223440600505
205,229,14,-42,14,15,-15.953223440600505,0,2,-0.5,200,237,15,-58,13,15,-16.97785389450254
200,237,15,-58,13,15,-16.97785389450254,1,2,-0.7,195,235,14,-62,12,16,-16.769759117912766
195,235,14,-62,12,16,-16.769759117912766,2,2,-0.9,190,238,13,-80,12,13,-16.02833228882275
190,238,13,-80,12,13,-16.02833228882275,0,2,-0.5,185,237,12,-95,10,12,-17.331039772136123
185,237,12,-95,10,12,-17.331039772136123,0,2,-0.5,180,233,12,-102,12,12,-17.180022768825737
180,233,12,-102,12,12,-17.180022768825737,1,2,-0.7,175,230,10,-113,11,11,-18.293852515436605
175,230,10,-113,11,11,-18.293852515436605,0,0,0.0,170,230,12,-127,9,12,-14.096268883615068
170,230,12,-127,9,12,-14.096268883615068,1,0,-0.2,165,224,11,-135,11,11,-17.900596570992924
165,224,11,-135,11,11,-17.900596570992924,0,2,-0.5,160,226,9,-147,14,9,-16.833879643019625
160,226,9,-147,14,9,-16.833879643019625,1,1,-0.45,155,230,11,-162,16,13,-13.266369053336803
155,230,11,-162,16,13,-13.266369053336803,1,2,-0.7,150,222,14,-167,17,15,-12.248483573064751
150,222,14,-167,17,15,-12.248483573064751,2,0,-0.4,145,220,16,-179,23,18,-14.625658697054595
145,220,16,-179,23,18,-14.625658697054595,1,0,-0.2,140,220,17,-188,31,19,-10.429770284989589
140,220,17,-188,31,19,-10.429770284989589,1,0,-0.2,135,215,23,-189,36,29,-10.668564691883851
135,215,23,-189,36,29,-10.668564691883851,0,1,-0.25,130,210,31,-190,37,33,-13.089720887264663
130,210,31,-190,37,33,-13.089720887264663,1,2,-0.7,125,209,36,-197,43,36,-14.44386185530008
125,209,36,-197,43,36,-14.44386185530008,1,1,-0.45,120,214,37,-207,39,41,-13.517565636276158
120,214,37,-207,39,41,-13.517565636276158,2,1,-0.65,115,213,43,-213,41,44,-16.00797078834256
115,213,43,-213,41,44,-16.00797078834256,0,1,-0.25,110,211,39,-211,34,45,-16.198830230937613
110,211,39,-211,34,45,-16.198830230937613,0,1,-0.25,105,214,41,-214,29,41,-18.430900045781502
105,214,41,-214,29,41,-18.430900045781502,1,0,-0.2,100,209,34,-209,24,35,-18.644468579299712
100,209,34,-209,24,35,-18.644468579299712,2,0,-0.4,95,208,29,-208,20,29,-19.33758311141623
95,208,29,-208,20,29,-19.33758311141623,2,1,-0.65,90,209,24,-209,23,25,-20.311871644380147
90,209,24,-209,23,25,-20.311871644380147,0,1,-0.25,90,209,24,-209,23,25,-20.311871644380147
540,1,0,180,0,0,0.0,0,0,0.0,535,13,0,201,0,0,0.0
535,13,0,201,0,0,0.0,0,2,-0.5,530,26,0,187,2,0,0.0
530,26,0,187,2,0,0.0,0,1,-0.25,525,43,0,172,4,1,-1.5531779177931355
525,43,0,172,4,1,-1.5531779177931355,1,0,-0.2,520,59,2,158,5,3,-3.6796044008758244
520,59,2,158,5,3,-3.6796044008758244,0,1,-0.25,515,76,4,139,5,4,-7.646796239438254
515,76,4,139,5,4,-7.646796239438254,1,2,-0.7,510,91,5,118,10,5,-10.557027952821612
510,91,5,118,10,5,-10.557027952821612,1,0,-0.2,505,107,5,98,11,8,-10.216998658498204
505,107,5,98,11,8,-10.216998658498204,0,0,0.0,500,121,10,92,10,11,-11.817517686892186
500,121,10,92,10,11,-11.817517686892186,0,1,-0.25,495,136,11,83,9,11,-16.817517686892188
495,136,11,83,9,11,-16.817517686892188,1,2,-0.7,490,148,10,76,9,11,-15.957520079705121
490,148,10,76,9,11,-15.957520079705121,0,0,0.0,485,159,9,62,11,9,-17.831753308779632
485,159,9,62,11,9,-17.831753308779632,0,2,-0.5,480,174,9,48,7,10,-17.579500857708876
480,174,9,48,7,10,-17.579500857708876,0,0,0.0,475,180,11,45,9,11,-20.826828553684866
475,180,11,45,9,11,-20.826828553684866,1,2,-0.7,470,184,7,37,9,9,-12.661682101800443
470,184,7,37,9,9,-12.661682101800443,0,0,0.0,465,189,9,35,11,9,-14.130492721065117
465,189,9,35,11,9,-14.130492721065117,2,1,-0.65,460,198,9,25,10,10,-14.196454553200407
460,198,9,25,10,10,-14.196454553200407,0,0,0.0,455,204,11,12,10,11,-14.892336865239118
455,204,11,12,10,11,-14.892336865239118,1,0,-0.2,450,211,10,9,12,12,-15.698682367259254
450,211,10,9,12,12,-15.698682367259254,0,0,0.0,445,210,10,11,12,11,-16.4994259812372
445,210,10,11,12,11,-16.4994259812372,2,0,-0.4,440,219,12,-2,12,14,-15.127036422779664
440,219,12,-2,12,14,-15.127036422779664,1,0,-0.2,435,213,12,-4,9,12,-14.985208187911079
435,213,12,-4,9,12,-14.985208187911079,0,1,-0.25,430,213,12,-8,9,12,-17.365579662841537
430,213,12,-8,9,12,-17.365579662841537,2,0,-0.4,425,219,9,-6,8,9,-18.303710564070524
425,219,9,-6,8,9,-18.303710564070524,1,2,-0.7,420,225,9,-13,9,9,-23.303710564070524
420,225,9,-13,9,9,-23.303710564070524,1,2,-0.7,415,229,8,-17,7,9,-20.9555985155166
415,229,8,-17,7,9,-20.9555985155166,0,0,0.0,410,226,9,-22,6,9,-15.414007687489491
410,226,9,-22,6,9,-15.414007687489491,2,0,-0.4,405,229,7,-27,6,7,-11.451495952078643
405,229,7,-27,6,7,-11.451495952078643,2,2,-0.9,400,231,6,-30,6,6,-13.754672272308147
400,231,6,-30,6,6,-13.754672272308147,2,2,-0.9,395,233,6,-19,7,6,-18.754672272308145
395,233,6,-19,7,6,-18.754672272308145,1,1,-0.45,390,226,6,-6,4,7,-20.602790274772918
390,226,6,-6,4,7,-20.602790274772918,0,0,0.0,385,222,7,-3,3,7,-21.349611495906412
385,222,7,-3,3,7,-21.349611495906412,1,1,-0.45,380,228,4,-7,5,4,-13.21035461113842
380,228,4,-7,5,4,-13.21035461113842,2,2,-0.9,375,237,3,-11,7,4,-10.261090781239005
375,237,3,-11,7,4,-10.261090781239005,2,1,-0.65,370,244,5,-19,11,6,-10.997408987677366
370,244,5,-19,11,6,-10.997408987677366,1,2,-0.7,365,242,7,-20,11,7,-14.168199361109966
365,242,7,-20,11,7,-14.168199361109966,1,2,-0.7,360,245,11,-17,15,12,-12.551954282240173
360,245,11,-17,15,12,-12.551954282240173,2,2,-0.9,355,252,11,-17,17,11,-12.9461901050589
355,252,11,-17,17,11,-12.9461901050589,0,1,-0.25,350,250,15,-16,17,16,-11.59396390586085
350,250,15,-16,17,16,-11.59396390586085,0,1,-0.25,345,253,17,-15,16,18,-15.009977023455466
345,253,17,-15,16,18,-15.009977023455466,0,2,-0.5,340,252,17,-4,16,17,-17.255541075657483
340,252,17,-4,16,17,-17.255541075657483,2,2,-0.9,335,247,16,1,17,18,-17.435498368910665
335,247,16,1,17,18,-17.435498368910665,0,2,-0.5,330,250,16,-8,13,18,-15.495549717364336
330,250,16,-8,13,18,-15.495549717364336,1,1,-0.45,325,251,17,-5,12,17,-17.85446423972728
325,251,17,-5,12,17,-17.85446423972728,2,2,-0.9,320,250,13,4,15,13,-16.939038728584645
320,250,13,4,15,13,-16.939038728584645,2,1,-0.65,315,244,12,8,16,13,-16.785890301948914
315,244,12,8,16,13,-16.785890301948914,0,0,0.0,310,237,15,19,17,15,-15.023218220080356
310,237,15,19,17,15,-15.023218220080356,0,0,0.0,305,242,16,14,19,18,-15.467726366296372
305,242,16,14,19,18,-15.467726366296372,1,1,-0.45,300,242,17,11,34,18,-13.450139871708428
300,242,17,11,34,18,-13.450139871708428,0,1,-0.25,295,241,19,8,39,23,-10.60251216111285
295,241,19,8,39,23,-10.60251216111285,1,0,-0.2,290,234,34,15,39,37,-10.10595655393252
290,234,34,15,39,37,-10.10595655393252,2,1,-0.65,285,234,39,9,43,41,-13.121259517570534
285,234,39,9,43,41,-13.121259517570534,2,1,-0.65,280,233,39,10,39,41,-14.388364724058997
280,233,39,10,39,41,-14.388364724058997,1,2,-0.7,275,242,43,2,40,44,-16.905116144479745
275,242,43,2,40,44,-16.905116144479745,1,1,-0.45,270,247,39,-12,25,41,-19.316399313874093
270,247,39,-12,25,41,-19.316399313874093,1,0,-0.2,265,244,40,-11,24,40,-21.001314135007107
265,244,40,-11,24,40,-21.001314135007107,2,0,-0.4,260,244,25,-12,23,26,-19.040314480978033
260,244,25,-12,23,26,-19.040314480978033,2,1,-0.65,255,247,24,-22,20,24,-17.966763106938274
255,247,24,-22,20,24,-17.966763106938274,1,1,-0.45,250,246,23,-26,22,24,-16.27145860871082
250,246,23,-26,22,24,-16.27145860871082,2,1,-0.65,245,244,20,-25,16,21,-14.723580533248102
245,244,20,-25,16,21,-14.723580533248102,1,1,-0.45,240,249,22,-25,17,22,-17.613469759952874
240,249,22,-25,17,22,-17.613469759952874,1,1,-0.45,235,257,16,-34,14,16,-18.37819820594852
235,257,16,-34,14,16,-18.37819820594852,0,0,0.0,230,253,17,-32,14,17,-20.396370277213755
230,253,17,-32,14,17,-20.396370277213755,1,2,-0.7,225,255,14,-33,13,17,-15.987728577717084
225,255,14,-33,13,17,-15.987728577717084,0,2,-0.5,220,263,14,-48,12,15,-15.172045330269551
220,263,14,-48,12,15,-15.172045330269551,1,0,-0.2,215,261,13,-49,14,14,-14.668572901337525
215,261,13,-49,14,14,-14.668572901337525,0,0,0.0,210,253,12,-40,15,12,-14.351050573669701
210,253,12,-40,15,12,-14.351050573669701,0,2,-0.5,205,256,14,-44,14,15,-15.953223440600505
205,256,14,-44,14,15,-15.953223440600505,1,0,-0.2,200,263,15,-60,13,15,-16.97785389450254
200,263,15,-60,13,15,-16.97785389450254,2,0,-0.4,195,260,14,-64,12,16,-16.769759117912766
195,260,14,-64,12,16,-16.769759117912766,2,1,-0.65,190,264,13,-85,12,13,-16.02833228882275
190,264,13,-85,12,13,-16.02833228882275,2,1,-0.65,185,262,12,-101,10,12,-17.331039772136123
185,262,12,-101,10,12,-17.331039772136123,1,2,-0.7,180,259,12,-112,12,12,-17.180022768825737
180,259,12,-112,12,12,-17.180022768825737,0,1,-0.25,175,256,10,-125,11,11,-18.293852515436605
175,256,10,-125,11,11,-18.293852515436605,2,2,-0.9,170,260,12,-143,9,12,-14.096268883615068
170,260,12,-143,9,12,-14.096268883615068,1,2,-0.7,165,255,11,-152,11,11,-17.900596570992924
165,255,11,-152,11,11,-17.900596570992924,2,0,-0.4,160,258,9,-167,14,9,-16.833879643019625
160,258,9,-167,14,9,-16.833879643019625,0,0,0.0,155,260,11,-184,16,13,-13.266369053336803
155,260,11,-184,16,13,-13.266369053336803,0,0,0.0,150,251,14,-191,17,15,-12.248483573064751
150,251,14,-191,17,15,-12.248483573064751,0,1,-0.25,145,249,16,-204,23,18,-14.625658697054595
145,249,16,-204,23,18,-14.625658697054595,0,2,-0.5,140,250,17,-215,31,19,-10.429770284989589
140,250,17,-215,31,19,-10.429770284989589,2,1,-0.65,135,244,23,-216,36,29,-10.668564691883851
135,244,23,-216,36,29,-10.668564691883851,0,1,-0.25,130,236,31,-214,37,33,-13.089720887264663
130,236,31,-214,37,33,-13.089720887264663,2,1,-0.65,125,236,36,-222,43,36,-14.44386185530008
125,236,36,-222,43,36,-14.44386185530008,0,2,-0.5,120,242,37,-234,39,41,-13.517565636276158
120,242,37,-234,39,41,-13.517565636276158,1,2,-0.7,115,242,43,-242,41,44,-16.00797078834256
115,242,43,-242,41,44,-16.00797078834256,2,2,-0.9,110,242,39,-242,34,45,-16.198830230937613
110,242,39,-242,34,45,-16.198830230937613,1,0,-0.2,105,245,41,-245,29,41,-18.430900045781502
105,245,41,-245,29,41,-18.430900045781502,0,2,-0.5,100,239,34,-239,24,35,-18.644468579299712
100,239,34,-239,24,35,-18.644468579299712,1,2,-0.7,95,240,29,-240,20,29,-19.33758311141623
95,240,29,-240,20,29,-19.33758311141623,2,0,-0.4,90,241,24,-241,23,25,-20.311871644380147
90,241,24,-241,23,25,-20.311871644380147,2,0,-0.4,90,241,24,-241,23,25,-20.311871644380147
540,1,0,201,0,0,0.0,1,1,-0.45,535,15,0,223,0,0,0.0
535,15,0,223,0,0,0.0,1,0,-0.2,530,29,0,207,2,0,0.0
530,29,0,207,2,0,0.0,1,1,-0.45,525,48,0,191,4,1,-1.5531779177931355
525,48,0,191,4,1,-1.5531779177931355,2,2,-0.9,520,68,2,173,5,3,-3.6796044008758244
520,68,2,173,5,3,-3.6796044008758244,2,2,-0.9,515,89,4,154,5,4,-7.646796239438254
515,89,4,154,5,4,-7.646796239438254,1,1,-0.45,510,106,5,130,10,5,-10.557027952821612
510,106,5,130,10,5,-10.557027952821612,2,1,-0.65,505,125,5,107,11,8,-10.216998658498204
505,125,5,107,11,8,-10.216998658498204,1,0,-0.2,500,140,10,98,10,11,-11.817517686892186
500,140,10,98,10,11,-11.817517686892186,2,1,-0.65,495,158,11,89,9,11,-16.817517686892188
495,158,11,89,9,11,-16.817517686892188,0,2,-0.5,490,172,10,82,9,11,-15.957520079705121
490,172,10,82,9,11,-15.957520079705121,0,2,-0.5,485,185,9,67,11,9,-17.831753308779632
485,185,9,67,11,9,-17.831753308779632,2,1,-0.65,480,203,9,52,7,10,-17.579500857708876
480,203,9,52,7,10,-17.579500857708876,2,1,-0.65,475,211,11,50,9,11,-20.826828553684866
475,211,11,50,9,11,-20.826828553684866,2,2,-0.9,470,218,7,40,9,9,-12.661682101800443
470,218,7,40,9,9,-12.661682101800443,0,2,-0.5,465,224,9,36,11,9,-14.130492721065117
465,224,9,36,11,9,-14.130492721065117,1,0,-0.2,460,232,9,26,10,10,-14.196454553200407
460,232,9,26,10,10,-14.196454553200407,0,2,-0.5,455,238,11,15,10,11,-14.892336865239118
455,238,11,15,10,11,-14.892336865239118,2,2,-0.9,450,248,10,8,12,12,-15.698682367259254
450,248,10,8,12,12,-15.698682367259254,0,1,-0.25,445,245,10,12,12,11,-16.4994259812372
445,245,10,12,12,11,-16.4994259812372,2,2,-0.9,440,257,12,-1,12,14,-15.127036422779664
440,257,12,-1,12,14,-15.127036422779664,2,2,-0.9,435,252,12,-3,9,12,-14.985208187911079
435,252,12,-3,9,12,-14.985208187911079,2,2,-0.9,430,254,12,-13,9,12,-17.365579662841537
430,254,12,-13,9,12,-17.365579662841537,1,2,-0.7,425,261,9,-15,8,9,-18.303710564070524
425,261,9,-15,8,9,-18.303710564070524,1,1,-0.45,420,266,9,-21,9,9,-23.303710564070524
420,266,9,-21,9,9,-23.303710564070524,1,0,-0.2,415,268,8,-24,7,9,-20.9555985155166
415,268,8,-24,7,9,-20.9555985155166,1,2,-0.7,410,266,9,-30,6,9,-15.414007687489491
410,266,9,-30,6,9,-15.414007687489491,1,2,-0.7,405,271,7,-36,6,7,-11.451495952078643
405,271,7,-36,6,7,-11.451495952078643,1,2,-0.7,400,273,6,-37,6,6,-13.754672272308147
400,273,6,-37,6,6,-13.754672272308147,2,2,-0.9,395,277,6,-29,7,6,-18.754672272308145
395,277,6,-29,7,6,-18.754672272308145,0,0,0.0,390,267,6,-13,4,7,-20.602790274772918
390,267,6,-13,4,7,-20.602790274772918,1,2,-0.7,385,265,7,-14,3,7,-21.349611495906412
385,265,7,-14,3,7,-21.349611495906412,1,2,-0.7,380,270,4,-18,5,4,-13.21035461113842
380,270,4,-18,5,4,-13.21035461113842,0,0,0.0,375,275,3,-18,7,4,-10.261090781239005
375,275,3,-18,7,4,-10.261090781239005,2,2,-0.9,370,284,5,-28,11,6,-10.997408987677366
370,284,5,-28,11,6,-10.997408987677366,2,2,-0.9,365,283,7,-29,11,7,-14.168199361109966
365,283,7,-29,11,7,-14.168199361109966,0,2,-0.5,360,285,11,-26,15,12,-12.551954282240173
360,285,11,-26,15,12,-12.551954282240173,2,0,-0.4,355,292,11,-25,17,11,-12.9461901050589
355,292,11,-25,17,11,-12.9461901050589,1,2,-0.7,350,290,15,-27,17,16,-11.59396390586085
350,290,15,-27,17,16,-11.59396390586085,1,0,-0.2,345,291,17,-24,16,18,-15.009977023455466
345,291,17,-24,16,18,-15.009977023455466,1,1,-0.45,340,289,17,-12,16,17,-17.255541075657483
340,289,17,-12,16,17,-17.255541075657483,1,0,-0.2,335,281,16,-4,17,18,-17.435498368910665
335,281,16,-4,17,18,-17.435498368910665,0,0,0.0,330,283,16,-14,13,18,-15.495549717364336
330,283,16,-14,13,18,-15.495549717364336,0,0,0.0,325,283,17,-10,12,17,-17.85446423972728
325,283,17,-10,12,17,-17.85446423972728,1,0,-0.2,320,280,13,0,15,13,-16.939038728584645
320,280,13,0,15,13,-16.939038728584645,0,2,-0.5,315,274,12,3,16,13,-16.785890301948914
315,274,12,3,16,13,-16.785890301948914,1,2,-0.7,310,266,15,16,17,15,-15.023218220080356
310,266,15,16,17,15,-15.023218220080356,0,2,-0.5,305,269,16,12,19,18,-15.467726366296372
305,269,16,12,19,18,-15.467726366296372,1,2,-0.7,300,272,17,7,34,18,-13.450139871708428
300,272,17,7,34,18,-13.450139871708428,0,2,-0.5,295,269,19,6,39,23,-10.60251216111285
295,269,19,6,39,23,-10.60251216111285,0,0,0.0,290,259,34,20,39,37,-10.10595655393252
290,259,34,20,39,37,-10.10595655393252,0,0,0.0,285,258,39,16,43,41,-13.121259517570534
285,258,39,16,43,41,-13.121259517570534,0,1,-0.25,280,255,39,20,39,41,-14.388364724058997
280,255,39,20,39,41,-14.388364724058997,1,1,-0.45,275,263,43,11,40,44,-16.905116144479745
275,263,43,11,40,44,-16.905116144479745,1,0,-0.2,270,267,39,-3,25,41,-19.316399313874093
270,267,39,-3,25,41,-19.316399313874093,1,0,-0.2,265,265,40,-3,24,40,-21.001314135007107
265,265,40,-3,24,40,-21.001314135007107,1,1,-0.45,260,264,25,-2,23,26,-19.040314480978033
260,264,25,-2,23,26,-19.040314480978033,2,2,-0.9,255,271,24,-17,20,24,-17.966763106938274
255,271,24,-17,20,24,-17.966763106938274,0,1,-0.25,250,269,23,-23,22,24,-16.27145860871082
250,269,23,-23,22,24,-16.27145860871082,0,2,-0.5,245,269,20,-23,16,21,-14.723580533248102
245,269,20,-23,16,21,-14.723580533248102,2,1,-0.65,240,276,22,-24,17,22,-17.613469759952874
240,276,22,-24,17,22,-17.613469759952874,2,2,-0.9,235,288,16,-36,14,16,-18.37819820594852
235,288,16,-36,14,16,-18.37819820594852,1,2,-0.7,230,287,17,-35,14,17,-20.396370277213755
230,287,17,-35,14,17,-20.396370277213755,2,2,-0.9,225,291,14,-38,13,17,-15.987728577717084
225,291,14,-38,13,17,-15.987728577717084,2,2,-0.9,220,301,14,-56,12,15,-15.172045330269551
220,301,14,-56,12,15,-15.172045330269551,2,0,-0.4,215,298,13,-54,14,14,-14.668572901337525
215,298,13,-54,14,14,-14.668572901337525,0,1,-0.25,210,288,12,-43,15,12,-14.351050573669701
210,288,12,-43,15,12,-14.351050573669701,1,0,-0.2,205,289,14,-44,14,15,-15.953223440600505
205,289,14,-44,14,15,-15.953223440600505,2,1,-0.65,200,298,15,-64,13,15,-16.97785389450254
200,298,15,-64,13,15,-16.97785389450254,1,0,-0.2,195,294,14,-71,12,16,-16.769759117912766
195,294,14,-71,12,16,-16.769759117912766,2,2,-0.9,190,301,13,-95,12,13,-16.02833228882275
190,301,13,-95,12,13,-16.02833228882275,0,0,0.0,185,298,12,-112,10,12,-17.331039772136123
185,298,12,-112,10,12,-17.331039772136123,2,1,-0.65,180,296,12,-124,12,12,-17.180022768825737
180,296,12,-124,12,12,-17.180022768825737,0,1,-0.25,175,292,10,-138,11,11,-18.293852515436605
175,292,10,-138,11,11,-18.293852515436605,1,2,-0.7,170,297,12,-161,9,12,-14.096268883615068
170,297,12,-161,9,12,-14.096268883615068,2,2,-0.9,165,292,11,-172,11,11,-17.900596570992924
165,292,11,-172,11,11,-17.900596570992924,2,2,-0.9,160,296,9,-189,14,9,-16.833879643019625
160,296,9,-189,14,9,-16.833879643019625,0,1,-0.25,155,295,11,-205,16,13,-13.266369053336803
155,295,11,-205,16,13,-13.266369053336803,2,2,-0.9,150,289,14,-219,17,15,-12.248483573064751
150,289,14,-219,17,15,-12.248483573064751,2,0,-0.4,145,286,16,-235,23,18,-14.625658697054595
145,286,16,-235,23,18,-14.625658697054595,2,1,-0.65,140,286,17,-247,31,19,-10.429770284989589
140,286,17,-247,31,19,-10.429770284989589,2,1,-0.65,135,280,23,-248,36,29,-10.668564691883851
135,280,23,-248,36,29,-10.668564691883851,1,0,-0.2,130,269,31,-245,37,33,-13.089720887264663
130,269,31,-245,37,33,-13.089720887264663,1,1,-0.45,125,271,36,-257,43,36,-14.44386185530008
125,271,36,-257,43,36,-14.44386185530008,1,0,-0.2,120,275,37,-267,39,41,-13.517565636276158
120,275,37,-267,39,41,-13.517565636276158,0,1,-0.25,115,276,43,-276,41,44,-16.00797078834256
115,276,43,-276,41,44,-16.00797078834256,1,2,-0.7,110,277,39,-277,34,45,-16.198830230937613
110,277,39,-277,34,45,-16.198830230937613,0,2,-0.5,105,280,41,-280,29,41,-18.430900045781502
105,280,41,-280,29,41,-18.430900045781502,1,1,-0.45,100,272,34,-272,24,35,-18.644468579299712
100,272,34,-272,24,35,-18.644468579299712,1,0,-0.2,95,274,29,-274,20,29,-19.33758311141623
95,274,29,-274,20,29,-19.33758311141623,1,1,-0.45,90,274,24,-274,23,25,-20.311871644380147
90,274,24,-274,23,25,-20.311871644380147,2,2,-0.9,90,274,24,-274,23,25,-20.311871644380147
540,1,0,242,0,0,0.0,1,0,-0.2,535,16,0,261,0,0,0.0
535,16,0,261,0,0,0.0,1,1,-0.45,530,32,0,244,2,0,0.0
530,32,0,244,2,0,0.0,1,1,-0.45,525,53,0,228,4,1,-1.5531779177931355
525,53,0,228,4,1,-1.5531779177931355,2,2,-0.9,520,77,2,206,5,3,-3.6796044008758244
520,77,2,206,5,3,-3.6796044008758244,0,2,-0.5,515,100,4,187,5,4,-7.646796239438254
515,100,4,187,5,4,-7.646796239438254,1,1,-0.45,510,119,5,158,10,5,-10.557027952821612
510,119,5,158,10,5,-10.557027952821612,0,0,0.0,505,138,5,137,11,8,-10.216998658498204
505,138,5,137,11,8,-10.216998658498204,0,0,0.0,500,153,10,127,10,11,-11.817517686892186
500,153,10,127,10,11,-11.817517686892186,1,1,-0.45,495,173,11,112,9,11,-16.817517686892188
495,173,11,112,9,11,-16.817517686892188,2,2,-0.9,490,191,10,103,9,11,-15.957520079705121
490,191,10,103,9,11,-15.957520079705121,0,2,-0.5,485,206,9,87,11,9,-17.831753308779632
485,206,9,87,11,9,-17.831753308779632,1,1,-0.45,480,226,9,69,7,10,-17.579500857708876
480,226,9,69,7,10,-17.579500857708876,1,2,-0.7,475,236,11,65,9,11,-20.826828553684866
475,236,11,65,9,11,-20.826828553684866,0,2,-0.5,470,244,7,54,9,9,-12.661682101800443
470,244,7,54,9,9,-12.661682101800443,0,1,-0.25,465,250,9,48,11,9,-14.130492721065117
465,250,9,48,11,9,-14.130492721065117,2,2,-0.9,460,260,9,35,10,10,-14.196454553200407
460,260,9,35,10,10,-14.196454553200407,1,2,-0.7,455,269,11,18,10,11,-14.892336865239118
455,269,11,18,10,11,-14.892336865239118,0,2,-0.5,450,280,10,9,12,12,-15.698682367259254
450,280,10,9,12,12,-15.698682367259254,2,1,-0.65,445,280,10,9,12,11,-16.4994259812372
445,280,10,9,12,11,-16.4994259812372,2,0,-0.4,440,293,12,-7,12,14,-15.127036422779664
440,293,12,-7,12,14,-15.127036422779664,1,2,-0.7,435,289,12,-10,9,12,-14.985208187911079
435,289,12,-10,9,12,-14.985208187911079,1,1,-0.45,430,289,12,-19,9,12,-17.365579662841537
430,289,12,-19,9,12,-17.365579662841537,2,1,-0.65,425,297,9,-24,8,9,-18.303710564070524
425,297,9,-24,8,9,-18.303710564070524,1,0,-0.2,420,301,9,-26,9,9,-23.303710564070524
420,301,9,-26,9,9,-23.303710564070524,1,2,-0.7,415,305,8,-33,7,9,-20.9555985155166
415,305,8,-33,7,9,-20.9555985155166,1,2,-0.7,410,306,9,-45,6,9,-15.414007687489491
410,306,9,-45,6,9,-15.414007687489491,2,1,-0.65,405,313,7,-54,6,7,-11.451495952078643
405,313,7,-54,6,7,-11.451495952078643,0,1,-0.25,400,312,6,-54,6,6,-13.754672272308147
400,312,6,-54,6,6,-13.754672272308147,0,0,0.0,395,313,6,-44,7,6,-18.754672272308145
395,313,6,-44,7,6,-18.754672272308145,2,2,-0.9,390,306,6,-32,4,7,-20.602790274772918
390,306,6,-32,4,7,-20.602790274772918,2,1,-0.65,385,303,7,-31,3,7,-21.349611495906412
385,303,7,-31,3,7,-21.349611495906412,1,2,-0.7,380,307,4,-35,5,4,-13.21035461113842
380,307,4,-35,5,4,-13.21035461113842,2,0,-0.4,375,312,3,-31,7,4,-10.261090781239005
375,312,3,-31,7,4,-10.261090781239005,1,2,-0.7,370,321,5,-42,11,6,-10.997408987677366
370,321,5,-42,11,6,-10.997408987677366,0,1,-0.25,365,317,7,-38,11,7,-14.168199361109966
365,317,7,-38,11,7,-14.168199361109966,2,2,-0.9,360,320,11,-34,15,12,-12.551954282240173
360,320,11,-34,15,12,-12.551954282240173,1,0,-0.2,355,326,11,-28,17,11,-12.9461901050589
355,326,11,-28,17,11,-12.9461901050589,0,1,-0.25,350,324,15,-27,17,16,-11.59396390586085
350,324,15,-27,17,16,-11.59396390586085,2,0,-0.4,345,323,17,-20,16,18,-15.009977023455466
345,323,17,-20,16,18,-15.009977023455466,2,1,-0.65,340,323,17,-8,16,17,-17.255541075657483
340,323,17,-8,16,17,-17.255541075657483,2,1,-0.65,335,317,16,-3,17,18,-17.435498368910665
335,317,16,-3,17,18,-17.435498368910665,0,2,-0.5,330,319,16,-15,13,18,-15.495549717364336
330,319,16,-15,13,18,-15.495549717364336,1,1,-0.45,325,317,17,-11,12,17,-17.85446423972728
325,317,17,-11,12,17,-17.85446423972728,1,0,-0.2,320,312,13,3,15,13,-16.939038728584645
320,312,13,3,15,13,-16.939038728584645,2,1,-0.65,315,306,12,5,16,13,-16.785890301948914
315,306,12,5,16,13,-16.785890301948914,0,2,-0.5,310,298,15,21,17,15,-15.023218220080356
310,298,15,21,17,15,-15.023218220080356,1,2,-0.7,305,304,16,13,19,18,-15.467726366296372
305,304,16,13,19,18,-15.467726366296372,0,0,0.0,300,303,17,13,34,18,-13.450139871708428
300,303,17,13,34,18,-13.450139871708428,0,0,0.0,295,298,19,13,39,23,-10.60251216111285
295,298,19,13,39,23,-10.60251216111285,1,1,-0.45,290,288,34,28,39,37,-10.10595655393252
290,288,34,28,39,37,-10.10595655393252,1,0,-0.2,285,286,39,25,43,41,-13.121259517570534
285,286,39,25,43,41,-13.121259517570534,2,2,-0.9,280,283,39,30,39,41,-14.388364724058997
280,283,39,30,39,41,-14.388364724058997,1,0,-0.2,275,289,43,20,40,44,-16.905116144479745
275,289,43,20,40,44,-16.905116144479745,0,0,0.0,270,291,39,11,25,41,-19.316399313874093
270,291,39,11,25,41,-19.316399313874093,0,0,0.0,265,288,40,11,24,40,-21.001314135007107
265,288,40,11,24,40,-21.001314135007107,0,1,-0.25,260,286,25,12,23,26,-19.040314480978033
260,286,25,12,23,26,-19.040314480978033,1,0,-0.2,255,292,24,-2,20,24,-17.966763106938274
255,292,24,-2,20,24,-17.966763106938274,2,1,-0.65,250,292,23,-13,22,24,-16.27145860871082
250,292,23,-13,22,24,-16.27145860871082,1,2,-0.7,245,293,20,-12,16,21,-14.723580533248102
245,293,20,-12,16,21,-14.723580533248102,2,0,-0.4,240,300,22,-15,17,22,-17.613469759952874
240,300,22,-15,17,22,-17.613469759952874,2,0,-0.4,235,313,16,-27,14,16,-18.37819820594852
235,313,16,-27,14,16,-18.37819820594852,0,2,-0.5,230,313,17,-26,14,17,-20.396370277213755
230,313,17,-26,14,17,-20.396370277213755,0,0,0.0,225,315,14,-27,13,17,-15.987728577717084
225,315,14,-27,13,17,-15.987728577717084,0,0,0.0,220,321,14,-43,12,15,-15.172045330269551
220,321,14,-43,12,15,-15.172045330269551,0,0,0.0,215,315,13,-37,14,14,-14.668572901337525
215,315,13,-37,14,14,-14.668572901337525,2,0,-0.4,210,307,12,-29,15,12,-14.351050573669701
210,307,12,-29,15,12,-14.351050573669701,2,1,-0.65,205,311,14,-32,14,15,-15.953223440600505
205,311,14,-32,14,15,-15.953223440600505,0,2,-0.5,200,321,15,-57,13,15,-16.97785389450254
200,321,15,-57,13,15,-16.97785389450254,1,1,-0.45,195,318,14,-69,12,16,-16.769759117912766
195,318,14,-69,12,16,-16.769759117912766,2,1,-0.65,190,324,13,-95,12,13,-16.02833228882275
190,324,13,-95,12,13,-16.02833228882275,2,1,-0.65,185,323,12,-116,10,12,-17.331039772136123
185,323,12,-116,10,12,-17.331039772136123,0,1,-0.25,180,320,12,-130,12,12,-17.180022768825737
180,320,12,-130,12,12,-17.180022768825737,1,0,-0.2,175,315,10,-143,11,11,-18.293852515436605
175,315,10,-143,11,11,-18.293852515436605,0,2,-0.5,170,321,12,-169,9,12,-14.096268883615068
170,321,12,-169,9,12,-14.096268883615068,0,1,-0.25,165,317,11,-182,11,11,-17.900596570992924
165,317,11,-182,11,11,-17.900596570992924,1,0,-0.2,160,321,9,-200,14,9,-16.833879643019625
160,321,9,-200,14,9,-16.833879643019625,1,1,-0.45,155,320,11,-218,16,13,-13.266369053336803
155,320,11,-218,16,13,-13.266369053336803,2,2,-0.9,150,316,14,-235,17,15,-12.248483573064751
150,316,14,-235,17,15,-12.248483573064751,0,1,-0.25,145,312,16,-253,23,18,-14.625658697054595
145,312,16,-253,23,18,-14.625658697054595,2,2,-0.9,140,314,17,-269,31,19,-10.429770284989589
140,314,17,-269,31,19,-10.429770284989589,2,2,-0.9,135,311,23,-275,36,29,-10.668564691883851
135,311,23,-275,36,29,-10.668564691883851,1,0,-0.2,130,299,31,-272,37,33,-13.089720887264663
130,299,31,-272,37,33,-13.089720887264663,0,1,-0.25,125,300,36,-283,43,36,-14.44386185530008
125,300,36,-283,43,36,-14.44386185530008,1,2,-0.7,120,307,37,-297,39,41,-13.517565636276158
120,307,37,-297,39,41,-13.517565636276158,0,1,-0.25,115,307,43,-307,41,44,-16.00797078834256
115,307,43,-307,41,44,-16.00797078834256,2,0,-0.4,110,308,39,-308,34,45,-16.198830230937613
110,308,39,-308,34,45,-16.198830230937613,1,1,-0.45,105,312,41,-312,29,41,-18.430900045781502
105,312,41,-312,29,41,-18.430900045781502,2,0,-0.4,100,304,34,-304,24,35,-18.644468579299712
100,304,34,-304,24,35,-18.644468579299712,0,1,-0.25,95,305,29,-305,20,29,-19.33758311141623
95,305,29,-305,20,29,-19.33758311141623,1,0,-0.2,90,303,24,-303,23,25,-20.311871644380147
90,303,24,-303,23,25,-20.311871644380147,2,1,-0.65,90,303,24,-303,23,25,-20.311871644380147
